city_code,city_name_fr,province_code,province_name_fr,region_code,region_name_fr
010510301,Bni Boufrah,051,Al Hoceima,01,Tanger-Tétouan-Al Hoceima
010510303,Bni Gmil,051,Al Hoceima,01,Tanger-Tétouan-Al Hoceima
010510305,Bni Gmil Maksouline,051,Al Hoceima,01,Tanger-Tétouan-Al Hoceima
010510307,Senada,051,Al Hoceima,01,Tanger-Tétouan-Al Hoceima
010510501,Ait Kamra,051,Al Hoceima,01,Tanger-Tétouan-Al Hoceima
010510503,Ait Youssef Ou Ali,051,Al Hoceima,01,Tanger-Tétouan-Al Hoceima
010510505,Arbaa Taourirt,051,Al Hoceima,01,Tanger-Tétouan-Al Hoceima
010510507,Bni Abdellah,051,Al Hoceima,01,Tanger-Tétouan-Al Hoceima
010510509,Bni Hadifa,051,Al Hoceima,01,Tanger-Tétouan-Al Hoceima
010510511,Chakrane,051,Al Hoceima,01,Tanger-Tétouan-Al Hoceima
010510513,Imrabten,051,Al Hoceima,01,Tanger-Tétouan-Al Hoceima
010510515,Izemmouren,051,Al Hoceima,01,Tanger-Tétouan-Al Hoceima
010510517,Louta,051,Al Hoceima,01,Tanger-Tétouan-Al Hoceima
010510519,Nekkour,051,Al Hoceima,01,Tanger-Tétouan-Al Hoceima
010510521,Rouadi,051,Al Hoceima,01,Tanger-Tétouan-Al Hoceima
010510523,Tifarouine,051,Al Hoceima,01,Tanger-Tétouan-Al Hoceima
010510525,Zaouiat Sidi Abdelkader,051,Al Hoceima,01,Tanger-Tétouan-Al Hoceima
010510703,Bni Ahmed Imoukzan,051,Al Hoceima,01,Tanger-Tétouan-Al Hoceima
010510705,Bni Ammart,051,Al Hoceima,01,Tanger-Tétouan-Al Hoceima
010510707,Bni Bchir,051,Al Hoceima,01,Tanger-Tétouan-Al Hoceima
010510711,Bni Bounsar,051,Al Hoceima,01,Tanger-Tétouan-Al Hoceima
010510719,Sidi Boutmim,051,Al Hoceima,01,Tanger-Tétouan-Al Hoceima
010510721,Sidi Bouzineb,051,Al Hoceima,01,Tanger-Tétouan-Al Hoceima
010510727,Zarkt,051,Al Hoceima,01,Tanger-Tétouan-Al Hoceima
010510901,Abdelghaya Souahel,051,Al Hoceima,01,Tanger-Tétouan-Al Hoceima
010510909,Bni Bouchibet,051,Al Hoceima,01,Tanger-Tétouan-Al Hoceima
010510913,Issaguen,051,Al Hoceima,01,Tanger-Tétouan-Al Hoceima
010510915,Ketama,051,Al Hoceima,01,Tanger-Tétouan-Al Hoceima
010510917,Moulay Ahmed Cherif,051,Al Hoceima,01,Tanger-Tétouan-Al Hoceima
010510923,Taghzout,051,Al Hoceima,01,Tanger-Tétouan-Al Hoceima
010510925,Tamsaout,051,Al Hoceima,01,Tanger-Tétouan-Al Hoceima
011510303,Bab Berred,151,Chefchaouen,01,Tanger-Tétouan-Al Hoceima
011510313,Iounane,151,Chefchaouen,01,Tanger-Tétouan-Al Hoceima
011510323,Tamorot,151,Chefchaouen,01,Tanger-Tétouan-Al Hoceima
011510501,Bab Taza,151,Chefchaouen,01,Tanger-Tétouan-Al Hoceima
011510503,Bni Darkoul,151,Chefchaouen,01,Tanger-Tétouan-Al Hoceima
011510505,Bni Faghloum,151,Chefchaouen,01,Tanger-Tétouan-Al Hoceima
011510507,Bni Salah,151,Chefchaouen,01,Tanger-Tétouan-Al Hoceima
011510509,Derdara,151,Chefchaouen,01,Tanger-Tétouan-Al Hoceima
011510511,Fifi,151,Chefchaouen,01,Tanger-Tétouan-Al Hoceima
011510513,Laghdir,151,Chefchaouen,01,Tanger-Tétouan-Al Hoceima
011510515,Tanaqoub,151,Chefchaouen,01,Tanger-Tétouan-Al Hoceima
011510605,Bni Ahmed Cherqia,151,Chefchaouen,01,Tanger-Tétouan-Al Hoceima
011510607,Bni Ahmed Gharbia,151,Chefchaouen,01,Tanger-Tétouan-Al Hoceima
011510615,Mansoura,151,Chefchaouen,01,Tanger-Tétouan-Al Hoceima
011510621,Oued Malha,151,Chefchaouen,01,Tanger-Tétouan-Al Hoceima
011510701,Bni Bouzra,151,Chefchaouen,01,Tanger-Tétouan-Al Hoceima
011510703,Bni Mansour,151,Chefchaouen,01,Tanger-Tétouan-Al Hoceima
011510705,Bni Selmane,151,Chefchaouen,01,Tanger-Tétouan-Al Hoceima
011510707,Steha,151,Chefchaouen,01,Tanger-Tétouan-Al Hoceima
011510709,Talambote,151,Chefchaouen,01,Tanger-Tétouan-Al Hoceima
011510711,Tassift,151,Chefchaouen,01,Tanger-Tétouan-Al Hoceima
011510713,Tizgane,151,Chefchaouen,01,Tanger-Tétouan-Al Hoceima
011510901,Amtar,151,Chefchaouen,01,Tanger-Tétouan-Al Hoceima
011510909,Bni Rzine,151,Chefchaouen,01,Tanger-Tétouan-Al Hoceima
011510911,Bni Smih,151,Chefchaouen,01,Tanger-Tétouan-Al Hoceima
011510917,M'tioua,151,Chefchaouen,01,Tanger-Tétouan-Al Hoceima
011510919,Ouaouzgane,151,Chefchaouen,01,Tanger-Tétouan-Al Hoceima
012270305,Anjra,227,Fahs-Anjra,01,Tanger-Tétouan-Al Hoceima
012270311,Jouamaa,227,Fahs-Anjra,01,Tanger-Tétouan-Al Hoceima
012270313,Ksar El Majaz,227,Fahs-Anjra,01,Tanger-Tétouan-Al Hoceima
012270321,Taghramt,227,Fahs-Anjra,01,Tanger-Tétouan-Al Hoceima
012270501,Al Bahraoyine,227,Fahs-Anjra,01,Tanger-Tétouan-Al Hoceima
012270505,Ksar Sghir,227,Fahs-Anjra,01,Tanger-Tétouan-Al Hoceima
012270509,Malloussa,227,Fahs-Anjra,01,Tanger-Tétouan-Al Hoceima
013310701,Boujedyane,331,Larache,01,Tanger-Tétouan-Al Hoceima
013310703,Ksar Bjir,331,Larache,01,Tanger-Tétouan-Al Hoceima
013310705,Laouamra,331,Larache,01,Tanger-Tétouan-Al Hoceima
013310711,Souk L'Qolla,331,Larache,01,Tanger-Tétouan-Al Hoceima
013310715,Tatoft,331,Larache,01,Tanger-Tétouan-Al Hoceima
013310717,Zouada,331,Larache,01,Tanger-Tétouan-Al Hoceima
013310901,Ayacha,331,Larache,01,Tanger-Tétouan-Al Hoceima
013310903,Bni Arouss,331,Larache,01,Tanger-Tétouan-Al Hoceima
013310905,Bni Garfett,331,Larache,01,Tanger-Tétouan-Al Hoceima
013310913,Tazroute,331,Larache,01,Tanger-Tétouan-Al Hoceima
013310915,Zaaroura,331,Larache,01,Tanger-Tétouan-Al Hoceima
013311103,Oulad Ouchih,331,Larache,01,Tanger-Tétouan-Al Hoceima
013311107,Rissana Chamalia,331,Larache,01,Tanger-Tétouan-Al Hoceima
013311109,Rissana Janoubia,331,Larache,01,Tanger-Tétouan-Al Hoceima
013311111,Sahel,331,Larache,01,Tanger-Tétouan-Al Hoceima
013311112,Souaken,331,Larache,01,Tanger-Tétouan-Al Hoceima
013311113,Souk Tolba,331,Larache,01,Tanger-Tétouan-Al Hoceima
014050701,Bni Quolla,405,Ouezzane,01,Tanger-Tétouan-Al Hoceima
014050703,Lamjaara,405,Ouezzane,01,Tanger-Tétouan-Al Hoceima
014050705,Masmouda,405,Ouezzane,01,Tanger-Tétouan-Al Hoceima
014050707,Mzefroune,405,Ouezzane,01,Tanger-Tétouan-Al Hoceima
014050709,Ouannana,405,Ouezzane,01,Tanger-Tétouan-Al Hoceima
014050711,Sidi Ahmed Cherif,405,Ouezzane,01,Tanger-Tétouan-Al Hoceima
014050713,Sidi Bousber,405,Ouezzane,01,Tanger-Tétouan-Al Hoceima
014050715,Sidi Redouane,405,Ouezzane,01,Tanger-Tétouan-Al Hoceima
014050717,Teroual,405,Ouezzane,01,Tanger-Tétouan-Al Hoceima
014050719,Zghira,405,Ouezzane,01,Tanger-Tétouan-Al Hoceima
014050901,Ain Beida,405,Ouezzane,01,Tanger-Tétouan-Al Hoceima
014050903,Asjen,405,Ouezzane,01,Tanger-Tétouan-Al Hoceima
014050905,Brikcha,405,Ouezzane,01,Tanger-Tétouan-Al Hoceima
014050907,Kalaat Bouqorra,405,Ouezzane,01,Tanger-Tétouan-Al Hoceima
014050909,Moqrissat,405,Ouezzane,01,Tanger-Tétouan-Al Hoceima
014050911,Zoumi,405,Ouezzane,01,Tanger-Tétouan-Al Hoceima
015110301,Al Manzla,511,Tanger-Assilah,01,Tanger-Tétouan-Al Hoceima
015110303,Aquouass Briech,511,Tanger-Assilah,01,Tanger-Tétouan-Al Hoceima
015110305,Sebt  Azzinate,511,Tanger-Assilah,01,Tanger-Tétouan-Al Hoceima
015110307,Dar Chaoui,511,Tanger-Assilah,01,Tanger-Tétouan-Al Hoceima
015110311,Sahel Chamali,511,Tanger-Assilah,01,Tanger-Tétouan-Al Hoceima
015110313,Sidi Lyamani,511,Tanger-Assilah,01,Tanger-Tétouan-Al Hoceima
015110315,Had Al Gharbia,511,Tanger-Assilah,01,Tanger-Tétouan-Al Hoceima
015110317,Laaouama,511,Tanger-Assilah,01,Tanger-Tétouan-Al Hoceima
015118105,Hjar Ennhal,511,Tanger-Assilah,01,Tanger-Tétouan-Al Hoceima
015710301,Ain Lahsan,571,Tétouan,01,Tanger-Tétouan-Al Hoceima
015710303,Al Kharroub,571,Tétouan,01,Tanger-Tétouan-Al Hoceima
015710305,Bghaghza,571,Tétouan,01,Tanger-Tétouan-Al Hoceima
015710307,Bni Harchen,571,Tétouan,01,Tanger-Tétouan-Al Hoceima
015710309,Jbel Lahbib,571,Tétouan,01,Tanger-Tétouan-Al Hoceima
015710311,Bni Idder,571,Tétouan,01,Tanger-Tétouan-Al Hoceima
015710315,Mallalienne,571,Tétouan,01,Tanger-Tétouan-Al Hoceima
015710317,Saddina,571,Tétouan,01,Tanger-Tétouan-Al Hoceima
015710319,Souk Kdim,571,Tétouan,01,Tanger-Tétouan-Al Hoceima
015710321,Sahtryine,571,Tétouan,01,Tanger-Tétouan-Al Hoceima
015710501,Al Hamra,571,Tétouan,01,Tanger-Tétouan-Al Hoceima
015710505,Al Oued,571,Tétouan,01,Tanger-Tétouan-Al Hoceima
015710507,Azla,571,Tétouan,01,Tanger-Tétouan-Al Hoceima
015710513,Bni Leit,571,Tétouan,01,Tanger-Tétouan-Al Hoceima
015710515,Bni Said,571,Tétouan,01,Tanger-Tétouan-Al Hoceima
015710517,Dar Bni Karrich,571,Tétouan,01,Tanger-Tétouan-Al Hoceima
015710519,Oulad Ali Mansour,571,Tétouan,01,Tanger-Tétouan-Al Hoceima
015710523,Zaitoune,571,Tétouan,01,Tanger-Tétouan-Al Hoceima
015710525,Zaouiat Sidi Kacem,571,Tétouan,01,Tanger-Tétouan-Al Hoceima
015710527,Zinat,571,Tétouan,01,Tanger-Tétouan-Al Hoceima
015730303,Allyene,573,M'Diq-Fnideq,01,Tanger-Tétouan-Al Hoceima
015730305,Belyounech,573,M'Diq-Fnideq,01,Tanger-Tétouan-Al Hoceima
021130301,Aghbal,113,Berkane,02,Oriental
021130307,Fezouane,113,Berkane,02,Oriental
021130309,Laatamna,113,Berkane,02,Oriental
021130311,Madagh,113,Berkane,02,Oriental
021130503,Boughriba,113,Berkane,02,Oriental
021130505,Chouihia,113,Berkane,02,Oriental
021130513,Rislane,113,Berkane,02,Oriental
021130515,Sidi Bouhria,113,Berkane,02,Oriental
021130517,Tafoughalt,113,Berkane,02,Oriental
021130519,Zegzel,113,Berkane,02,Oriental
021670301,Ain Zohra,167,Driouch,02,Oriental
021670303,Ait Mait,167,Driouch,02,Oriental
021670305,Amejjaou,167,Driouch,02,Oriental
021670307,Dar El Kebdani,167,Driouch,02,Oriental
021670309,Mtalssa,167,Driouch,02,Oriental
021670311,Oulad Boubker,167,Driouch,02,Oriental
021670313,Tazaghine,167,Driouch,02,Oriental
021670901,Azlaf,167,Driouch,02,Oriental
021670905,Bni Marghnine,167,Driouch,02,Oriental
021670907,Boudinar,167,Driouch,02,Oriental
021670909,Iferni,167,Driouch,02,Oriental
021670911,Ijermaouas,167,Driouch,02,Oriental
021670915,M'Hajer,167,Driouch,02,Oriental
021670917,Ouardana,167,Driouch,02,Oriental
021670919,Oulad Amghar,167,Driouch,02,Oriental
021670921,Tafersit,167,Driouch,02,Oriental
021670923,Talilit,167,Driouch,02,Oriental
021670925,Temsamane,167,Driouch,02,Oriental
021670927,Trougout,167,Driouch,02,Oriental
021670929,Tsaft,167,Driouch,02,Oriental
022510301,Ain Chouater,251,Figuig,02,Oriental
022510303,Bni Tadjite,251,Figuig,02,Oriental
022510305,Bouanane,251,Figuig,02,Oriental
022510307,Bouchaouene,251,Figuig,02,Oriental
022510309,Boumerieme,251,Figuig,02,Oriental
022510311,Talsint,251,Figuig,02,Oriental
022510313,Ain Chair,251,Figuig,02,Oriental
022510501,Abbou Lakhal,251,Figuig,02,Oriental
022510503,Bni Guil,251,Figuig,02,Oriental
022510505,Maatarka,251,Figuig,02,Oriental
022510507,Tendrara,251,Figuig,02,Oriental
022650501,Assebbab,265,Guercif,02,Oriental
022650503,Barkine,265,Guercif,02,Oriental
022650505,Houara Oulad Raho,265,Guercif,02,Oriental
022650507,Lamrija,265,Guercif,02,Oriental
022650515,Saka,265,Guercif,02,Oriental
022650709,Mazguitam,265,Guercif,02,Oriental
022650711,Oulad Bourima,265,Guercif,02,Oriental
022650713,Ras Laksar,265,Guercif,02,Oriental
022650717,Taddart,265,Guercif,02,Oriental
022750303,Gafait,275,Jerada,02,Oriental
022750305,Guenfouda,275,Jerada,02,Oriental
022750307,Laaouinate,275,Jerada,02,Oriental
022750309,Lebkhata,275,Jerada,02,Oriental
022750313,Ras Asfour,275,Jerada,02,Oriental
022750315,Sidi Boubker,275,Jerada,02,Oriental
022750321,Tiouli,275,Jerada,02,Oriental
022750501,Bni Mathar,275,Jerada,02,Oriental
022750511,Mrija,275,Jerada,02,Oriental
022750513,Ouled Ghziyel,275,Jerada,02,Oriental
022750515,Ouled Sidi  Abdelhakem,275,Jerada,02,Oriental
023810501,Bni Bouifrour,381,Nador,02,Oriental
023810503,Bni Chiker,381,Nador,02,Oriental
023810505,Bni Sidel Jbel,381,Nador,02,Oriental
023810507,Bni Sidel Louta,381,Nador,02,Oriental
023810509,Bouarg,381,Nador,02,Oriental
023810513,Iaazzanene,381,Nador,02,Oriental
023810515,Ihaddadene,381,Nador,02,Oriental
023810517,Iksane,381,Nador,02,Oriental
023810701,Afsou,381,Nador,02,Oriental
023810703,Al Barkanyene,381,Nador,02,Oriental
023810705,Arekmane,381,Nador,02,Oriental
023810707,Bni Oukil  Oulad M'Hand,381,Nador,02,Oriental
023810709,Hassi-Berkane,381,Nador,02,Oriental
023810711,Oulad Daoud Zkhanine,381,Nador,02,Oriental
023810713,Oulad Settout,381,Nador,02,Oriental
023810717,Tiztoutine,381,Nador,02,Oriental
024110301,Ahl Angad,411,Oujda-Angad,02,Oriental
024110303,Ain Sfa,411,Oujda-Angad,02,Oriental
024110305,Bni Khaled,411,Oujda-Angad,02,Oriental
024110307,Bsara,411,Oujda-Angad,02,Oriental
024110509,Isly,411,Oujda-Angad,02,Oriental
024110511,Mestferki,411,Oujda-Angad,02,Oriental
024110517,Sidi Boulenouar,411,Oujda-Angad,02,Oriental
024110519,Sidi Moussa Lemhaya,411,Oujda-Angad,02,Oriental
025330305,El Atef,533,Taourirt,02,Oriental
025330315,Ouled M'hamed,533,Taourirt,02,Oriental
025330317,Sidi Ali Bel Quassem,533,Taourirt,02,Oriental
025330319,Sidi Lahsen,533,Taourirt,02,Oriental
025330703,Ain Lehjer,533,Taourirt,02,Oriental
025330709,Mechraa Hammadi,533,Taourirt,02,Oriental
025330713,Mestegmer,533,Taourirt,02,Oriental
025330721,Tancherfi,533,Taourirt,02,Oriental
025330901,Ahl Oued Za,533,Taourirt,02,Oriental
025330907,Gteter,533,Taourirt,02,Oriental
025330911,Melg El $dane,533,Taourirt,02,Oriental
030610301,Ain Jemaa,061,Meknès,03,Fès-Meknès
030610302,Ain Karma-Oued Rommane,061,Meknès,03,Fès-Meknès
030610305,Ain Orma,061,Meknès,03,Fès-Meknès
030610307,Ait Ouallal,061,Meknès,03,Fès-Meknès
030610309,Dar Oum Soltane,061,Meknès,03,Fès-Meknès
030610501,Dkhissa,061,Meknès,03,Fès-Meknès
030610503,Majjate,061,Meknès,03,Fès-Meknès
030610505,M'haya,061,Meknès,03,Fès-Meknès
030610507,Oued Jdida,061,Meknès,03,Fès-Meknès
030610509,Sidi Slimane  Moul Al Kifane,061,Meknès,03,Fès-Meknès
030610701,Charqaoua,061,Meknès,03,Fès-Meknès
030610705,MRhassiyine,061,Meknès,03,Fès-Meknès
030610707,N'zalat Bni Amar,061,Meknès,03,Fès-Meknès
030610709,Oualili,061,Meknès,03,Fès-Meknès
030610711,Sidi Abdellah Al Khayat,061,Meknès,03,Fès-Meknès
031310301,Ait Bazza,131,Boulemane,03,Fès-Meknès
031310303,Ait El Mane,131,Boulemane,03,Fès-Meknès
031310305,Almis Marmoucha,131,Boulemane,03,Fès-Meknès
031310307,El Mers,131,Boulemane,03,Fès-Meknès
031310309,Enjil,131,Boulemane,03,Fès-Meknès
031310311,Guigou,131,Boulemane,03,Fès-Meknès
031310313,Serghina,131,Boulemane,03,Fès-Meknès
031310315,Skoura M'Daz,131,Boulemane,03,Fès-Meknès
031310317,Talzemt,131,Boulemane,03,Fès-Meknès
031310501,Ksabi-Moulouya,131,Boulemane,03,Fès-Meknès
031310503,Ouizeght,131,Boulemane,03,Fès-Meknès
031310505,Sidi Boutayeb,131,Boulemane,03,Fès-Meknès
031310701,El Orjane,131,Boulemane,03,Fès-Meknès
031310703,Ermila,131,Boulemane,03,Fès-Meknès
031310705,Fritissa,131,Boulemane,03,Fès-Meknès
031310707,Oulad Ali Youssef,131,Boulemane,03,Fès-Meknès
031310709,Tissaf,131,Boulemane,03,Fès-Meknès
031710301,Ait khalfen,171,El  Hajeb,03,Fès-Meknès
031710303,Ait Yaazem,171,El  Hajeb,03,Fès-Meknès
031710305,Jahjouh,171,El  Hajeb,03,Fès-Meknès
031710307,Ras Ijerri,171,El  Hajeb,03,Fès-Meknès
031710309,Tamchachate,171,El  Hajeb,03,Fès-Meknès
031710501,Ait Boubidmane,171,El  Hajeb,03,Fès-Meknès
031710503,Ait Harz Allah,171,El  Hajeb,03,Fès-Meknès
031710505,Bitit,171,El  Hajeb,03,Fès-Meknès
031710507,Laqsir,171,El  Hajeb,03,Fès-Meknès
031710701,Ait Bourzouine,171,El  Hajeb,03,Fès-Meknès
031710703,Ait Naamane,171,El  Hajeb,03,Fès-Meknès
031710705,Iqaddar,171,El  Hajeb,03,Fès-Meknès
032318101,Oulad Tayeb,231,Fès,03,Fès-Meknès
032318103,Ain Bida,231,Fès,03,Fès-Meknès
032318105,Sidi Harazem,231,Fès,03,Fès-Meknès
032710301,Ain Leuh,271,Ifrane,03,Fès-Meknès
032710303,Ben Smim,271,Ifrane,03,Fès-Meknès
032710305,Oued Ifrane,271,Ifrane,03,Fès-Meknès
032710307,Sidi El Makhfi,271,Ifrane,03,Fès-Meknès
032710309,Tigrigra,271,Ifrane,03,Fès-Meknès
032710311,Timahdite,271,Ifrane,03,Fès-Meknès
032718101,Dayat-Aoua,271,Ifrane,03,Fès-Meknès
032718103,Tizguite,271,Ifrane,03,Fès-Meknès
034510301,Adrej,451,Sefrou,03,Fès-Meknès
034510303,Ain Timguenai,451,Sefrou,03,Fès-Meknès
034510305,Bir Tam-Tam,451,Sefrou,03,Fès-Meknès
034510307,Dar El Hamra,451,Sefrou,03,Fès-Meknès
034510309,Irhzrane,451,Sefrou,03,Fès-Meknès
034510311,Mtarnagha,451,Sefrou,03,Fès-Meknès
034510313,Oulad Mkoudou,451,Sefrou,03,Fès-Meknès
034510315,Ras Tabouda,451,Sefrou,03,Fès-Meknès
034510317,Tafajight,451,Sefrou,03,Fès-Meknès
034510501,Ain Cheggag,451,Sefrou,03,Fès-Meknès
034510503,Ait Sebaa Lajrouf,451,Sefrou,03,Fès-Meknès
034510701,Aghbalou Aqorar,451,Sefrou,03,Fès-Meknès
034510703,Ahl Sidi Lahcen,451,Sefrou,03,Fès-Meknès
034510705,Azzaba,451,Sefrou,03,Fès-Meknès
034510707,Kandar Sidi Khiar,451,Sefrou,03,Fès-Meknès
034510709,Laanoussar,451,Sefrou,03,Fès-Meknès
034510711,Sidi Youssef  Ben Ahmed,451,Sefrou,03,Fès-Meknès
034510713,Tazouta,451,Sefrou,03,Fès-Meknès
035310301,El Bibane,531,Taounate,03,Fès-Meknès
035310303,Galaz,531,Taounate,03,Fès-Meknès
035310305,Kissane,531,Taounate,03,Fès-Meknès
035310307,Oudka,531,Taounate,03,Fès-Meknès
035310309,Ourtzarh,531,Taounate,03,Fès-Meknès
035310311,Ratba,531,Taounate,03,Fès-Meknès
035310313,Sidi Haj M'hamed,531,Taounate,03,Fès-Meknès
035310315,Sidi Mokhfi,531,Taounate,03,Fès-Meknès
035310317,Sidi Yahya  Bni Zeroual,531,Taounate,03,Fès-Meknès
035310319,Tabouda,531,Taounate,03,Fès-Meknès
035310321,Tafrant,531,Taounate,03,Fès-Meknès
035310323,Timezgana,531,Taounate,03,Fès-Meknès
035310501,Bni Snous,531,Taounate,03,Fès-Meknès
035310503,Bouchabel,531,Taounate,03,Fès-Meknès
035310505,Rhouazi,531,Taounate,03,Fès-Meknès
035310507,Jbabra,531,Taounate,03,Fès-Meknès
035310509,Loulja,531,Taounate,03,Fès-Meknès
035310511,Mkansa,531,Taounate,03,Fès-Meknès
035310513,Moulay Abdelkrim,531,Taounate,03,Fès-Meknès
035310515,Moulay Bouchta,531,Taounate,03,Fès-Meknès
035310517,Sidi El Abed,531,Taounate,03,Fès-Meknès
035310701,Ain Mediouna,531,Taounate,03,Fès-Meknès
035310703,Bni Oulid,531,Taounate,03,Fès-Meknès
035310705,Bni Ounjel Tafraout,531,Taounate,03,Fès-Meknès
035310707,Bouadel,531,Taounate,03,Fès-Meknès
035310709,Bouhouda,531,Taounate,03,Fès-Meknès
035310711,Fennassa Bab El Hit,531,Taounate,03,Fès-Meknès
035310713,Khlalfa,531,Taounate,03,Fès-Meknès
035310715,Mezraoua,531,Taounate,03,Fès-Meknès
035310717,Rghioua,531,Taounate,03,Fès-Meknès
035310719,Tamedit,531,Taounate,03,Fès-Meknès
035310721,Zrizer,531,Taounate,03,Fès-Meknès
035310901,Ain Aicha,531,Taounate,03,Fès-Meknès
035310903,Ain Legdah,531,Taounate,03,Fès-Meknès
035310905,Ain Maatouf,531,Taounate,03,Fès-Meknès
035310907,Bouarouss,531,Taounate,03,Fès-Meknès
035310909,El Bsabsa,531,Taounate,03,Fès-Meknès
035310911,Messassa,531,Taounate,03,Fès-Meknès
035310913,Oued Jemaa,531,Taounate,03,Fès-Meknès
035310915,Oulad Ayyad,531,Taounate,03,Fès-Meknès
035310917,Oulad Daoud,531,Taounate,03,Fès-Meknès
035310919,Outabouabane,531,Taounate,03,Fès-Meknès
035310921,Ras El Oued,531,Taounate,03,Fès-Meknès
035310923,Sidi M'Hamed  Ben Lahcen,531,Taounate,03,Fès-Meknès
035610301,Ajdir,561,Taza,03,Fès-Meknès
035610303,Bourd,561,Taza,03,Fès-Meknès
035610305,Gzenaya Al Janoubia,561,Taza,03,Fès-Meknès
035610307,Jbarna,561,Taza,03,Fès-Meknès
035610309,Sidi Ali Bourakba,561,Taza,03,Fès-Meknès
035610311,Tizi Ouasli,561,Taza,03,Fès-Meknès
035610701,Bni Frassen,561,Taza,03,Fès-Meknès
035610703,Bouchfaa,561,Taza,03,Fès-Meknès
035610705,Bouhlou,561,Taza,03,Fès-Meknès
035610707,Ghiata Al Gharbia,561,Taza,03,Fès-Meknès
035610709,Oulad Zbair,561,Taza,03,Fès-Meknès
035610711,Rbaa El Fouki,561,Taza,03,Fès-Meknès
035610901,Ait Saghrouchen,561,Taza,03,Fès-Meknès
035610903,Bouyablane,561,Taza,03,Fès-Meknès
035610905,Maghraoua,561,Taza,03,Fès-Meknès
035610907,Matmata,561,Taza,03,Fès-Meknès
035610909,Smia,561,Taza,03,Fès-Meknès
035610911,Tazarine,561,Taza,03,Fès-Meknès
035610913,Zrarda,561,Taza,03,Fès-Meknès
035611101,Bni Ftah,561,Taza,03,Fès-Meknès
035611103,Brarha,561,Taza,03,Fès-Meknès
035611105,El Gouzate,561,Taza,03,Fès-Meknès
035611107,Kaf El Ghar,561,Taza,03,Fès-Meknès
035611109,Msila,561,Taza,03,Fès-Meknès
035611111,Taifa,561,Taza,03,Fès-Meknès
035611113,Tainaste,561,Taza,03,Fès-Meknès
035611115,Traiba,561,Taza,03,Fès-Meknès
035611301,Bab Boudir,561,Taza,03,Fès-Meknès
035611303,Bab Marzouka,561,Taza,03,Fès-Meknès
035611305,Bni Lent,561,Taza,03,Fès-Meknès
035611307,Galdamane,561,Taza,03,Fès-Meknès
035611309,Meknassa Acharqia,561,Taza,03,Fès-Meknès
035611311,Meknassa Al Gharbia,561,Taza,03,Fès-Meknès
035611313,Oulad Chrif,561,Taza,03,Fès-Meknès
035910301,Ain Chkef,591,Moulay Yacoub,03,Fès-Meknès
035910303,Mikkes,591,Moulay Yacoub,03,Fès-Meknès
035910305,Sebaa Rouadi,591,Moulay Yacoub,03,Fès-Meknès
035910307,Sebt Loudaya,591,Moulay Yacoub,03,Fès-Meknès
035910501,Ain Bou Ali,591,Moulay Yacoub,03,Fès-Meknès
035910502,Ain Kansara,591,Moulay Yacoub,03,Fès-Meknès
035910503,Laajajra,591,Moulay Yacoub,03,Fès-Meknès
035910505,Louadaine,591,Moulay Yacoub,03,Fès-Meknès
035910507,Oulad Mimoun,591,Moulay Yacoub,03,Fès-Meknès
035910509,Sidi Daoud,591,Moulay Yacoub,03,Fès-Meknès
042810301,Ameur Seflia,281,Kénitra,04,Rabat-Salé-Kénitra
042810305,Haddada,281,Kénitra,04,Rabat-Salé-Kénitra
042810311,Ouled Slama,281,Kénitra,04,Rabat-Salé-Kénitra
042810313,Sidi Taibi,281,Kénitra,04,Rabat-Salé-Kénitra
042810503,Ben Mansour,281,Kénitra,04,Rabat-Salé-Kénitra
042810507,Mnasra,281,Kénitra,04,Rabat-Salé-Kénitra
042810509,Mograne,281,Kénitra,04,Rabat-Salé-Kénitra
042810511,Sidi Mohamed Ben Mansour,281,Kénitra,04,Rabat-Salé-Kénitra
042810701,Arbaoua,281,Kénitra,04,Rabat-Salé-Kénitra
042810703,Beni Malek,281,Kénitra,04,Rabat-Salé-Kénitra
042810705,Kariat Ben Aouda,281,Kénitra,04,Rabat-Salé-Kénitra
042810707,Oued El Makhazine,281,Kénitra,04,Rabat-Salé-Kénitra
042810901,Bahhara Ouled Ayad,281,Kénitra,04,Rabat-Salé-Kénitra
042810909,Sidi Allal Tazi,281,Kénitra,04,Rabat-Salé-Kénitra
042810913,Sidi Mohamed Lahmar,281,Kénitra,04,Rabat-Salé-Kénitra
042810915,Souk Tlet El Gharb,281,Kénitra,04,Rabat-Salé-Kénitra
042811103,Chouafaa,281,Kénitra,04,Rabat-Salé-Kénitra
042811105,Lalla Mimouna,281,Kénitra,04,Rabat-Salé-Kénitra
042811107,Moulay Bousselham,281,Kénitra,04,Rabat-Salé-Kénitra
042811111,Sidi Boubker El Haj,281,Kénitra,04,Rabat-Salé-Kénitra
042910301,Ait Mimoune,291,Khémisset,04,Rabat-Salé-Kénitra
042910303,Ait Ouribel,291,Khémisset,04,Rabat-Salé-Kénitra
042910305,Ait Siberne,291,Khémisset,04,Rabat-Salé-Kénitra
042910307,Ait Yadine,291,Khémisset,04,Rabat-Salé-Kénitra
042910309,El Ganzra,291,Khémisset,04,Rabat-Salé-Kénitra
042910311,Majmaa Tolba,291,Khémisset,04,Rabat-Salé-Kénitra
042910313,Sfassif,291,Khémisset,04,Rabat-Salé-Kénitra
042910315,Sidi Allal Lamsadder,291,Khémisset,04,Rabat-Salé-Kénitra
042910317,Sidi El Rhandour,291,Khémisset,04,Rabat-Salé-Kénitra
042910501,Ait Ichou,291,Khémisset,04,Rabat-Salé-Kénitra
042910503,Ait Ikkou,291,Khémisset,04,Rabat-Salé-Kénitra
042910505,Bouqachmir,291,Khémisset,04,Rabat-Salé-Kénitra
042910507,Houderrane,291,Khémisset,04,Rabat-Salé-Kénitra
042910509,Maaziz,291,Khémisset,04,Rabat-Salé-Kénitra
042910511,Oulmes,291,Khémisset,04,Rabat-Salé-Kénitra
042910513,Tiddas,291,Khémisset,04,Rabat-Salé-Kénitra
042910701,Ain Sbit,291,Khémisset,04,Rabat-Salé-Kénitra
042910705,Brachoua,291,Khémisset,04,Rabat-Salé-Kénitra
042910707,Ezzhiliga,291,Khémisset,04,Rabat-Salé-Kénitra
042910709,Jemaat Moul Blad,291,Khémisset,04,Rabat-Salé-Kénitra
042910711,Laghoualem,291,Khémisset,04,Rabat-Salé-Kénitra
042910713,Marchouch,291,Khémisset,04,Rabat-Salé-Kénitra
042910715,My Driss Aghbal,291,Khémisset,04,Rabat-Salé-Kénitra
042910902,Ain Johra-Sidi Boukhalkhal,291,Khémisset,04,Rabat-Salé-Kénitra
042910903,Ait Belkacem,291,Khémisset,04,Rabat-Salé-Kénitra
042910905,Ait Bouyahya  El Hajjama,291,Khémisset,04,Rabat-Salé-Kénitra
042910907,Ait Malek,291,Khémisset,04,Rabat-Salé-Kénitra
042910909,Khemis Sidi Yahya,291,Khémisset,04,Rabat-Salé-Kénitra
042910911,M'qam Tolba,291,Khémisset,04,Rabat-Salé-Kénitra
042910913,Sidi Abderrazak,291,Khémisset,04,Rabat-Salé-Kénitra
042910919,Ait Ali ou Lahcen,291,Khémisset,04,Rabat-Salé-Kénitra
044410301,Shoul,441,Salé,04,Rabat-Salé-Kénitra
044410305,Ameur,441,Salé,04,Rabat-Salé-Kénitra
044810301,Ain Dfali,481,Sidi Kacem,04,Rabat-Salé-Kénitra
044810303,Bni Oualz,481,Sidi Kacem,04,Rabat-Salé-Kénitra
044810309,Moulay Abdelkader,481,Sidi Kacem,04,Rabat-Salé-Kénitra
044810313,Sidi Ahmed Benaissa,481,Sidi Kacem,04,Rabat-Salé-Kénitra
044810315,Sidi Ameur Al Hadi,481,Sidi Kacem,04,Rabat-Salé-Kénitra
044810317,Sidi Azzouz,481,Sidi Kacem,04,Rabat-Salé-Kénitra
044810501,Al Haouafate,481,Sidi Kacem,04,Rabat-Salé-Kénitra
044810507,Nouirate,481,Sidi Kacem,04,Rabat-Salé-Kénitra
044810509,Sefsaf,481,Sidi Kacem,04,Rabat-Salé-Kénitra
044810705,Khnichet,481,Sidi Kacem,04,Rabat-Salé-Kénitra
044810707,Lamrabih,481,Sidi Kacem,04,Rabat-Salé-Kénitra
044810711,Oulad Nouel,481,Sidi Kacem,04,Rabat-Salé-Kénitra
044810719,Sidi M'Hamed Chelh,481,Sidi Kacem,04,Rabat-Salé-Kénitra
044810721,Taoughilt,481,Sidi Kacem,04,Rabat-Salé-Kénitra
044810901,Bab Tiouka,481,Sidi Kacem,04,Rabat-Salé-Kénitra
044810903,Bir Taleb,481,Sidi Kacem,04,Rabat-Salé-Kénitra
044810905,Chbanate,481,Sidi Kacem,04,Rabat-Salé-Kénitra
044810907,Selfat,481,Sidi Kacem,04,Rabat-Salé-Kénitra
044810909,Tekna,481,Sidi Kacem,04,Rabat-Salé-Kénitra
044810911,Zaggota,481,Sidi Kacem,04,Rabat-Salé-Kénitra
044810913,Zirara,481,Sidi Kacem,04,Rabat-Salé-Kénitra
044811103,Dar Laaslouji,481,Sidi Kacem,04,Rabat-Salé-Kénitra
044811105,Rmilat,481,Sidi Kacem,04,Rabat-Salé-Kénitra
044811111,Sidi Al Kamel,481,Sidi Kacem,04,Rabat-Salé-Kénitra
044910307,Kceibya,491,Sidi Slimane,04,Rabat-Salé-Kénitra
044910315,Sfafaa,491,Sidi Slimane,04,Rabat-Salé-Kénitra
044910317,Ameur Chamalia,491,Sidi Slimane,04,Rabat-Salé-Kénitra
044910501,Azgharbh,491,Sidi Slimane,04,Rabat-Salé-Kénitra
044910503,Boumaiz,491,Sidi Slimane,04,Rabat-Salé-Kénitra
044910505,Dar Bel Amri,491,Sidi Slimane,04,Rabat-Salé-Kénitra
044910509,M'saada,491,Sidi Slimane,04,Rabat-Salé-Kénitra
044910511,Ouled Ben Hammadi,491,Sidi Slimane,04,Rabat-Salé-Kénitra
044910513,Ouled H'Cine,491,Sidi Slimane,04,Rabat-Salé-Kénitra
045010301,El Menzeh,501,Skhirate- Témara,04,Rabat-Salé-Kénitra
045010303,Oumazza,501,Skhirate- Témara,04,Rabat-Salé-Kénitra
045010311,Sidi Yahya Zaer,501,Skhirate- Témara,04,Rabat-Salé-Kénitra
045010503,Mers El Kheir,501,Skhirate- Témara,04,Rabat-Salé-Kénitra
045010505,Sabbah,501,Skhirate- Témara,04,Rabat-Salé-Kénitra
050810301,Agoudi N'Lkhair,081,Azilal,05,Béni Mellal-Khénifra
050810303,Ait Abbas,081,Azilal,05,Béni Mellal-Khénifra
050810305,Ait Bou Oulli,081,Azilal,05,Béni Mellal-Khénifra
050810307,Ait M'Hamed,081,Azilal,05,Béni Mellal-Khénifra
050810309,Tabant,081,Azilal,05,Béni Mellal-Khénifra
050810311,Tamda Noumercid,081,Azilal,05,Béni Mellal-Khénifra
050810313,Zaouiat Ahansal,081,Azilal,05,Béni Mellal-Khénifra
050810501,Ait Taguella,081,Azilal,05,Béni Mellal-Khénifra
050810505,Bni Hassane,081,Azilal,05,Béni Mellal-Khénifra
050810507,Bzou,081,Azilal,05,Béni Mellal-Khénifra
050810509,Foum Jemaa,081,Azilal,05,Béni Mellal-Khénifra
050810511,Moulay Aissa Ben Driss,081,Azilal,05,Béni Mellal-Khénifra
050810513,Rfala,081,Azilal,05,Béni Mellal-Khénifra
050810515,Tabia,081,Azilal,05,Béni Mellal-Khénifra
050810517,Tanant,081,Azilal,05,Béni Mellal-Khénifra
050810519,Taounza,081,Azilal,05,Béni Mellal-Khénifra
050810521,Tisqi,081,Azilal,05,Béni Mellal-Khénifra
050810701,Ait Blal,081,Azilal,05,Béni Mellal-Khénifra
050810703,Ait Majden,081,Azilal,05,Béni Mellal-Khénifra
050810705,Ait Oumdis,081,Azilal,05,Béni Mellal-Khénifra
050810707,Ait Tamlil,081,Azilal,05,Béni Mellal-Khénifra
050810709,Anzou,081,Azilal,05,Béni Mellal-Khénifra
050810711,Imlil,081,Azilal,05,Béni Mellal-Khénifra
050810713,Ouaoula,081,Azilal,05,Béni Mellal-Khénifra
050810715,Sidi Boulkhalf,081,Azilal,05,Béni Mellal-Khénifra
050810717,Sidi Yacoub,081,Azilal,05,Béni Mellal-Khénifra
050810719,Tidili Fetouaka,081,Azilal,05,Béni Mellal-Khénifra
050810721,Tifni,081,Azilal,05,Béni Mellal-Khénifra
050810903,Ait Mazigh,081,Azilal,05,Béni Mellal-Khénifra
050810907,Ait Ouqabli,081,Azilal,05,Béni Mellal-Khénifra
050810909,Anergui,081,Azilal,05,Béni Mellal-Khénifra
050810911,Bin El Ouidane,081,Azilal,05,Béni Mellal-Khénifra
050810913,Isseksi,081,Azilal,05,Béni Mellal-Khénifra
050810915,Ouaouizeght,081,Azilal,05,Béni Mellal-Khénifra
050810917,Tabaroucht,081,Azilal,05,Béni Mellal-Khénifra
050810919,Tagleft,081,Azilal,05,Béni Mellal-Khénifra
050810921,Tiffert N'Ait Hamza,081,Azilal,05,Béni Mellal-Khénifra
050810923,Tilougguite,081,Azilal,05,Béni Mellal-Khénifra
050811101,Afourar,081,Azilal,05,Béni Mellal-Khénifra
050811103,Bni Ayat,081,Azilal,05,Béni Mellal-Khénifra
050811105,Ait Ouaarda,081,Azilal,05,Béni Mellal-Khénifra
050811125,Timoulilt,081,Azilal,05,Béni Mellal-Khénifra
050910301,Foum Oudi,091,Béni Mellal,05,Béni Mellal-Khénifra
050910303,Ouled Gnaou,091,Béni Mellal,05,Béni Mellal-Khénifra
050910305,Ouled M'Barek,091,Béni Mellal,05,Béni Mellal-Khénifra
050910307,Ouled Yaich,091,Béni Mellal,05,Béni Mellal-Khénifra
050910309,Sidi Jaber,091,Béni Mellal,05,Béni Mellal-Khénifra
050910311,Foum El Anceur,091,Béni Mellal,05,Béni Mellal-Khénifra
050910501,Aghbala,091,Béni Mellal,05,Béni Mellal-Khénifra
050910505,Boutferda,091,Béni Mellal,05,Béni Mellal-Khénifra
050910517,Tizi N'Isly,091,Béni Mellal,05,Béni Mellal-Khénifra
050910703,Ait Oum El Bekht,091,Béni Mellal,05,Béni Mellal-Khénifra
050910707,Dir El Ksiba,091,Béni Mellal,05,Béni Mellal-Khénifra
050910711,Naour,091,Béni Mellal,05,Béni Mellal-Khénifra
050910713,Taghzirt,091,Béni Mellal,05,Béni Mellal-Khénifra
050910715,Tanougha,091,Béni Mellal,05,Béni Mellal-Khénifra
050911101,Guettaya,091,Béni Mellal,05,Béni Mellal-Khénifra
050911103,Ouled Youssef,091,Béni Mellal,05,Béni Mellal-Khénifra
050911105,Ouled Said Loued,091,Béni Mellal,05,Béni Mellal-Khénifra
050911107,Semguet,091,Béni Mellal,05,Béni Mellal-Khénifra
052550505,Ouled Bourahmoune,255,Fquih Ben Salah,05,Béni Mellal-Khénifra
052550509,Ouled Zmam,255,Fquih Ben Salah,05,Béni Mellal-Khénifra
052550511,Sidi Aissa Ben Ali,255,Fquih Ben Salah,05,Béni Mellal-Khénifra
052550513,Sidi Hammadi,255,Fquih Ben Salah,05,Béni Mellal-Khénifra
052550901,Khalfia,255,Fquih Ben Salah,05,Béni Mellal-Khénifra
052550903,Bni Chegdale,255,Fquih Ben Salah,05,Béni Mellal-Khénifra
052550905,Bni Oukil,255,Fquih Ben Salah,05,Béni Mellal-Khénifra
052550907,Bradia,255,Fquih Ben Salah,05,Béni Mellal-Khénifra
052550909,Hel Merbaa,255,Fquih Ben Salah,05,Béni Mellal-Khénifra
052550911,Krifate,255,Fquih Ben Salah,05,Béni Mellal-Khénifra
052551101,Dar Ould Zidouh,255,Fquih Ben Salah,05,Béni Mellal-Khénifra
052551103,Had Boumoussa,255,Fquih Ben Salah,05,Béni Mellal-Khénifra
052551107,Ouled Nacer,255,Fquih Ben Salah,05,Béni Mellal-Khénifra
053010301,Ait Ishaq,301,Khénifra,05,Béni Mellal-Khénifra
053010303,Ait Saadelli,301,Khénifra,05,Béni Mellal-Khénifra
053010305,El Kbab,301,Khénifra,05,Béni Mellal-Khénifra
053010307,Kerrouchen,301,Khénifra,05,Béni Mellal-Khénifra
053010309,Ouaoumana,301,Khénifra,05,Béni Mellal-Khénifra
053010311,Sidi Yahya Ou Saad,301,Khénifra,05,Béni Mellal-Khénifra
053010313,Tighassaline,301,Khénifra,05,Béni Mellal-Khénifra
053010501,Aguelmam Azegza,301,Khénifra,05,Béni Mellal-Khénifra
053010505,El Borj,301,Khénifra,05,Béni Mellal-Khénifra
053010511,Lehri,301,Khénifra,05,Béni Mellal-Khénifra
053010513,Moha Ou Hammou Zayani,301,Khénifra,05,Béni Mellal-Khénifra
053010521,Sidi Amar,301,Khénifra,05,Béni Mellal-Khénifra
053010525,Sidi Lamine,301,Khénifra,05,Béni Mellal-Khénifra
053010703,Aguelmous,301,Khénifra,05,Béni Mellal-Khénifra
053010707,El Hammam,301,Khénifra,05,Béni Mellal-Khénifra
053010709,Had Bouhssoussen,301,Khénifra,05,Béni Mellal-Khénifra
053010715,Moulay Bouazza,301,Khénifra,05,Béni Mellal-Khénifra
053010717,Oum Rabia,301,Khénifra,05,Béni Mellal-Khénifra
053010719,Sebt Ait Rahou,301,Khénifra,05,Béni Mellal-Khénifra
053010723,Sidi Hcine,301,Khénifra,05,Béni Mellal-Khénifra
053110301,Ain Kaicher,311,Khouribga,05,Béni Mellal-Khénifra
053110303,Bni Bataou,311,Khouribga,05,Béni Mellal-Khénifra
053110305,Bni Zrantel,311,Khouribga,05,Béni Mellal-Khénifra
053110307,Boukhrisse,311,Khouribga,05,Béni Mellal-Khénifra
053110309,Chougrane,311,Khouribga,05,Béni Mellal-Khénifra
053110311,Oulad Gouaouch,311,Khouribga,05,Béni Mellal-Khénifra
053110313,Rouached,311,Khouribga,05,Béni Mellal-Khénifra
053110315,Tachraft,311,Khouribga,05,Béni Mellal-Khénifra
053110501,Bir Mezoui,311,Khouribga,05,Béni Mellal-Khénifra
053110503,Bni Ykhlef,311,Khouribga,05,Béni Mellal-Khénifra
053110505,Boulanouare,311,Khouribga,05,Béni Mellal-Khénifra
053110507,Lagfaf,311,Khouribga,05,Béni Mellal-Khénifra
053110509,El Foqra,311,Khouribga,05,Béni Mellal-Khénifra
053110511,M'Fassis,311,Khouribga,05,Béni Mellal-Khénifra
053110513,Oulad Abdoune,311,Khouribga,05,Béni Mellal-Khénifra
053110515,Oulad Azzouz,311,Khouribga,05,Béni Mellal-Khénifra
053110701,Ait Ammar,311,Khouribga,05,Béni Mellal-Khénifra
053110703,Bni Smir,311,Khouribga,05,Béni Mellal-Khénifra
053110705,Braksa,311,Khouribga,05,Béni Mellal-Khénifra
053110707,Kasbat Troch,311,Khouribga,05,Béni Mellal-Khénifra
053110709,Lagnadiz,311,Khouribga,05,Béni Mellal-Khénifra
053110711,Maadna,311,Khouribga,05,Béni Mellal-Khénifra
053110713,Oulad Aissa,311,Khouribga,05,Béni Mellal-Khénifra
053110715,Oulad Boughadi,311,Khouribga,05,Béni Mellal-Khénifra
053110717,Oulad Fennane,311,Khouribga,05,Béni Mellal-Khénifra
053110719,Oulad Ftata,311,Khouribga,05,Béni Mellal-Khénifra
061110301,Ahlaf,111,Benslimane,06,Casablanca-Settat
061110303,Ain Tizgha,111,Benslimane,06,Casablanca-Settat
061110305,Fdalate,111,Benslimane,06,Casablanca-Settat
061110307,Mellila,111,Benslimane,06,Casablanca-Settat
061110311,Moualine El Oued,111,Benslimane,06,Casablanca-Settat
061110313,Oulad Ali Toualaa,111,Benslimane,06,Casablanca-Settat
061110315,Oulad Yahya Louta,111,Benslimane,06,Casablanca-Settat
061110317,Rdadna Oulad Malek,111,Benslimane,06,Casablanca-Settat
061110319,Ziaida,111,Benslimane,06,Casablanca-Settat
061110501,Bir Ennasr,111,Benslimane,06,Casablanca-Settat
061110504,Sidi Bettache,111,Benslimane,06,Casablanca-Settat
061110505,Charrate,111,Benslimane,06,Casablanca-Settat
061170501,Ben Maachou,117,Berrechid,06,Casablanca-Settat
061170511,Laghnimyine,117,Berrechid,06,Casablanca-Settat
061170513,Lahsasna,117,Berrechid,06,Casablanca-Settat
061170525,Sahel Oulad H'Riz,117,Berrechid,06,Casablanca-Settat
061170527,Sidi Abdelkhaleq,117,Berrechid,06,Casablanca-Settat
061170529,Sidi El Mekki,117,Berrechid,06,Casablanca-Settat
061170533,Soualem Trifiya,117,Berrechid,06,Casablanca-Settat
061170535,Zaouiat Sidi  Ben Hamdoun,117,Berrechid,06,Casablanca-Settat
061170805,Foqra Oulad Aameur,117,Berrechid,06,Casablanca-Settat
061170807,Jaqma,117,Berrechid,06,Casablanca-Settat
061170809,Kasbat Ben Mchich,117,Berrechid,06,Casablanca-Settat
061170817,Lambarkiyne,117,Berrechid,06,Casablanca-Settat
061170819,Ouled Cebbah,117,Berrechid,06,Casablanca-Settat
061170820,Oulad Ziyane,117,Berrechid,06,Casablanca-Settat
061170821,Ouled Zidane,117,Berrechid,06,Casablanca-Settat
061170823,Riah,117,Berrechid,06,Casablanca-Settat
061810301,Chtouka,181,El Jadida,06,Casablanca-Settat
061810305,Laghdira,181,El Jadida,06,Casablanca-Settat
061810307,Lamharza Essahel,181,El Jadida,06,Casablanca-Settat
061810311,Sidi Ali Ben  Hamdouche,181,El Jadida,06,Casablanca-Settat
061810501,My Abdellah,181,El Jadida,06,Casablanca-Settat
061810503,Oulad Aissa,181,El Jadida,06,Casablanca-Settat
061810505,Ouled Ghanem,181,El Jadida,06,Casablanca-Settat
061810507,Ouled Hcine,181,El Jadida,06,Casablanca-Settat
061810509,Sidi Abed,181,El Jadida,06,Casablanca-Settat
061810511,Sidi M'Hamed  Akhdim,181,El Jadida,06,Casablanca-Settat
061810703,Haouzia,181,El Jadida,06,Casablanca-Settat
061810709,Oulad Rahmoune,181,El Jadida,06,Casablanca-Settat
061810901,Boulaouane,181,El Jadida,06,Casablanca-Settat
061810903,Chaibate,181,El Jadida,06,Casablanca-Settat
061810905,Mettouh,181,El Jadida,06,Casablanca-Settat
061810907,Mogress,181,El Jadida,06,Casablanca-Settat
061810909,Oulad Hamdane,181,El Jadida,06,Casablanca-Settat
061810911,Oulad Sidi Ali  Ben Youssef,181,El Jadida,06,Casablanca-Settat
061810913,Ouled Frej,181,El Jadida,06,Casablanca-Settat
061810915,Sebt Saiss,181,El Jadida,06,Casablanca-Settat
061810917,Si Hsaien Ben  Abderrahmane,181,El Jadida,06,Casablanca-Settat
061810919,Sidi Smail,181,El Jadida,06,Casablanca-Settat
061810921,Zaouiat Saiss,181,El Jadida,06,Casablanca-Settat
061810923,Zaouiat Lakouacem,181,El Jadida,06,Casablanca-Settat
063550301,Almajjatia Oulad Taleb,355,Médiouna,06,Casablanca-Settat
063550305,Sidi Hajjaj Oued Hassar,355,Médiouna,06,Casablanca-Settat
063710301,Bni Yakhlef,371,Mohammadia,06,Casablanca-Settat
063710303,Ech-challalate,371,Mohammadia,06,Casablanca-Settat
063710305,Sidi Moussa Ben Ali,371,Mohammadia,06,Casablanca-Settat
063710307,Sidi Moussa El Majdoub,371,Mohammadia,06,Casablanca-Settat
063850303,Oulad Azzouz,385,Nouaceur,06,Casablanca-Settat
063850305,Ouled Salah,385,Nouaceur,06,Casablanca-Settat
064610302,Ain Dorbane- Lahlaf,461,Settat,06,Casablanca-Settat
064610303,Bouguargouh,461,Settat,06,Casablanca-Settat
064610307,Lakhzazra,461,Settat,06,Casablanca-Settat
064610309,Mniaa,461,Settat,06,Casablanca-Settat
064610311,Mrizigue,461,Settat,06,Casablanca-Settat
064610313,M'Garto,461,Settat,06,Casablanca-Settat
064610315,N'Khila,461,Settat,06,Casablanca-Settat
064610317,Oued Naanaa,461,Settat,06,Casablanca-Settat
064610319,Oulad Chbana,461,Settat,06,Casablanca-Settat
064610321,Oulad Fares,461,Settat,06,Casablanca-Settat
064610323,Ouled M'Hamed,461,Settat,06,Casablanca-Settat
064610325,Ras El Ain Chaouia,461,Settat,06,Casablanca-Settat
064610327,Sgamna,461,Settat,06,Casablanca-Settat
064610329,Sidi Abdelkrim,461,Settat,06,Casablanca-Settat
064610331,Sidi Dahbi,461,Settat,06,Casablanca-Settat
064610333,Sidi Hajjaj,461,Settat,06,Casablanca-Settat
064610701,Ain Blal,461,Settat,06,Casablanca-Settat
064610703,Bni Khloug,461,Settat,06,Casablanca-Settat
064610705,Dar Chaffai,461,Settat,06,Casablanca-Settat
064610707,Laqraqra,461,Settat,06,Casablanca-Settat
064610709,Meskoura,461,Settat,06,Casablanca-Settat
064610711,Oulad Amer,461,Settat,06,Casablanca-Settat
064610713,Oulad Bouali Nouaja,461,Settat,06,Casablanca-Settat
064610715,Oulad Fares El Halla,461,Settat,06,Casablanca-Settat
064610717,Oulad Freiha,461,Settat,06,Casablanca-Settat
064610719,Sidi Ahmed El Khadir,461,Settat,06,Casablanca-Settat
064610721,Sidi Boumehdi,461,Settat,06,Casablanca-Settat
064610903,Bni Yagrine,461,Settat,06,Casablanca-Settat
064610905,Gdana,461,Settat,06,Casablanca-Settat
064610907,Guisser,461,Settat,06,Casablanca-Settat
064610909,Khemisset Chaouia,461,Settat,06,Casablanca-Settat
064610911,Lahouaza,461,Settat,06,Casablanca-Settat
064610913,Machraa Ben Abbou,461,Settat,06,Casablanca-Settat
064610914,Mzamza Janoubia,461,Settat,06,Casablanca-Settat
064610915,Mzoura,461,Settat,06,Casablanca-Settat
064610919,Oulad Said,461,Settat,06,Casablanca-Settat
064610921,Oulad Sghir,461,Settat,06,Casablanca-Settat
064610923,Rima,461,Settat,06,Casablanca-Settat
064610925,Sidi El Aidi,461,Settat,06,Casablanca-Settat
064610927,Sidi Mohammed  Ben Rahal,461,Settat,06,Casablanca-Settat
064610931,Toualet,461,Settat,06,Casablanca-Settat
064670701,Bni Hilal,467,Sidi Bennour,06,Casablanca-Settat
064670703,Bni Tsiriss,467,Sidi Bennour,06,Casablanca-Settat
064670705,Bouhmame,467,Sidi Bennour,06,Casablanca-Settat
064670707,Jabria,467,Sidi Bennour,06,Casablanca-Settat
064670709,Khmis Ksiba,467,Sidi Bennour,06,Casablanca-Settat
064670711,Koudiat Bni Dghough,467,Sidi Bennour,06,Casablanca-Settat
064670713,Kridid,467,Sidi Bennour,06,Casablanca-Settat
064670715,Laagagcha,467,Sidi Bennour,06,Casablanca-Settat
064670717,Laamria,467,Sidi Bennour,06,Casablanca-Settat
064670719,Laaounate,467,Sidi Bennour,06,Casablanca-Settat
064670721,Laatatra,467,Sidi Bennour,06,Casablanca-Settat
064670723,Lmechrek,467,Sidi Bennour,06,Casablanca-Settat
064670725,Metrane,467,Sidi Bennour,06,Casablanca-Settat
064670727,M'Tal,467,Sidi Bennour,06,Casablanca-Settat
064670729,Oulad Amrane,467,Sidi Bennour,06,Casablanca-Settat
064670731,Oulad Boussaken,467,Sidi Bennour,06,Casablanca-Settat
064670733,Oulad Si Bouhya,467,Sidi Bennour,06,Casablanca-Settat
064670735,Tamda,467,Sidi Bennour,06,Casablanca-Settat
064671101,Laghnadra,467,Sidi Bennour,06,Casablanca-Settat
064671103,Lgharbia,467,Sidi Bennour,06,Casablanca-Settat
064671105,Loualidia,467,Sidi Bennour,06,Casablanca-Settat
064671107,Oulad Sbaita,467,Sidi Bennour,06,Casablanca-Settat
064671109,Saniat Berguig,467,Sidi Bennour,06,Casablanca-Settat
070410305,Ait Faska,041,Al  Haouz,07,Marrakech-Safi
070410309,Ait Sidi Daoud,041,Al  Haouz,07,Marrakech-Safi
070410311,Ghmate,041,Al  Haouz,07,Marrakech-Safi
070410313,Iguerferouane,041,Al  Haouz,07,Marrakech-Safi
070410315,Sidi Abdellah Ghiat,041,Al  Haouz,07,Marrakech-Safi
070410319,Tamazouzte,041,Al  Haouz,07,Marrakech-Safi
070410323,Tidili Mesfioua,041,Al  Haouz,07,Marrakech-Safi
070410501,Amghras,041,Al  Haouz,07,Marrakech-Safi
070410505,Anougal,041,Al  Haouz,07,Marrakech-Safi
070410507,Azgour,041,Al  Haouz,07,Marrakech-Safi
070410509,Dar Jamaa,041,Al  Haouz,07,Marrakech-Safi
070410511,Lalla Takarkoust,041,Al  Haouz,07,Marrakech-Safi
070410513,Ouazguita,041,Al  Haouz,07,Marrakech-Safi
070410515,Oulad Mtaa,041,Al  Haouz,07,Marrakech-Safi
070410517,Sidi Badhaj,041,Al  Haouz,07,Marrakech-Safi
070410519,Tizguine,041,Al  Haouz,07,Marrakech-Safi
070410701,Aghbar,041,Al  Haouz,07,Marrakech-Safi
070410703,Asni,041,Al  Haouz,07,Marrakech-Safi
070410705,Ighil,041,Al  Haouz,07,Marrakech-Safi
070410707,Ijoukak,041,Al  Haouz,07,Marrakech-Safi
070410709,Imgdal,041,Al  Haouz,07,Marrakech-Safi
070410711,Ouirgane,041,Al  Haouz,07,Marrakech-Safi
070410713,Talat N'Yaaqoub,041,Al  Haouz,07,Marrakech-Safi
070410901,Moulay Brahim,041,Al  Haouz,07,Marrakech-Safi
070410903,Oukaimden,041,Al  Haouz,07,Marrakech-Safi
070410905,Ourika,041,Al  Haouz,07,Marrakech-Safi
070410907,Sti Fadma,041,Al  Haouz,07,Marrakech-Safi
070410911,Tameslohte,041,Al  Haouz,07,Marrakech-Safi
070410913,Aghouatim,041,Al  Haouz,07,Marrakech-Safi
070411101,Abadou,041,Al  Haouz,07,Marrakech-Safi
070411103,Ait Aadel,041,Al  Haouz,07,Marrakech-Safi
070411107,Ait Hkim-Ait Yzid,041,Al  Haouz,07,Marrakech-Safi
070411117,Tamaguert,041,Al  Haouz,07,Marrakech-Safi
070411121,Tazart,041,Al  Haouz,07,Marrakech-Safi
070411125,Tighedouine,041,Al  Haouz,07,Marrakech-Safi
070411127,Touama,041,Al  Haouz,07,Marrakech-Safi
070411129,Zerkten,041,Al  Haouz,07,Marrakech-Safi
071610301,Ahdil,161,Chichaoua,07,Marrakech-Safi
071610303,Ait Hadi,161,Chichaoua,07,Marrakech-Safi
071610305,Lamzoudia,161,Chichaoua,07,Marrakech-Safi
071610307,Oulad Moumna,161,Chichaoua,07,Marrakech-Safi
071610309,Saidate,161,Chichaoua,07,Marrakech-Safi
071610311,Sid L'Mokhtar,161,Chichaoua,07,Marrakech-Safi
071610313,Sidi Bouzid Arragragui,161,Chichaoua,07,Marrakech-Safi
071610315,Sidi M'Hamed Dalil,161,Chichaoua,07,Marrakech-Safi
071610501,Afalla Issen,161,Chichaoua,07,Marrakech-Safi
071610503,Ain Tazitounte,161,Chichaoua,07,Marrakech-Safi
071610505,Ait Haddou Youssef,161,Chichaoua,07,Marrakech-Safi
071610507,Irohalen,161,Chichaoua,07,Marrakech-Safi
071610509,Lalla Aaziza,161,Chichaoua,07,Marrakech-Safi
071610511,Nfifa,161,Chichaoua,07,Marrakech-Safi
071610513,Ouad L'bour,161,Chichaoua,07,Marrakech-Safi
071610515,Sidi Ghanem,161,Chichaoua,07,Marrakech-Safi
071610517,Timezgadiouine,161,Chichaoua,07,Marrakech-Safi
071610701,Adassil,161,Chichaoua,07,Marrakech-Safi
071610703,Assif El Mal,161,Chichaoua,07,Marrakech-Safi
071610705,Douirane,161,Chichaoua,07,Marrakech-Safi
071610707,Gmassa,161,Chichaoua,07,Marrakech-Safi
071610709,Imindounit,161,Chichaoua,07,Marrakech-Safi
071610711,Majjat,161,Chichaoua,07,Marrakech-Safi
071610713,M'Zouda,161,Chichaoua,07,Marrakech-Safi
071610715,Zaouia Annahlioui,161,Chichaoua,07,Marrakech-Safi
071610901,Bouabout,161,Chichaoua,07,Marrakech-Safi
071610903,Bouabout Amdlane,161,Chichaoua,07,Marrakech-Safi
071610905,Ichamraren,161,Chichaoua,07,Marrakech-Safi
071610907,Kouzemt,161,Chichaoua,07,Marrakech-Safi
071610909,Rahhala,161,Chichaoua,07,Marrakech-Safi
071610911,Sidi Abdelmoumen,161,Chichaoua,07,Marrakech-Safi
071610913,Taouloukoult,161,Chichaoua,07,Marrakech-Safi
071610915,Timlilt,161,Chichaoua,07,Marrakech-Safi
071910301,Chtaiba,191,El Kelâa des  Sraghna,07,Marrakech-Safi
071910303,Eddachra,191,El Kelâa des  Sraghna,07,Marrakech-Safi
071910305,El Aamria,191,El Kelâa des  Sraghna,07,Marrakech-Safi
071910307,El Marbouh,191,El Kelâa des  Sraghna,07,Marrakech-Safi
071910309,Errafiaya,191,El Kelâa des  Sraghna,07,Marrakech-Safi
071910311,Hiadna,191,El Kelâa des  Sraghna,07,Marrakech-Safi
071910313,Lounasda,191,El Kelâa des  Sraghna,07,Marrakech-Safi
071910315,Mayate,191,El Kelâa des  Sraghna,07,Marrakech-Safi
071910317,Oulad Aamer,191,El Kelâa des  Sraghna,07,Marrakech-Safi
071910319,Oulad Bouali Loued,191,El Kelâa des  Sraghna,07,Marrakech-Safi
071910321,Oulad Cherki,191,El Kelâa des  Sraghna,07,Marrakech-Safi
071910323,Oulad El Garne,191,El Kelâa des  Sraghna,07,Marrakech-Safi
071910325,Oulad Massaoud,191,El Kelâa des  Sraghna,07,Marrakech-Safi
071910327,Oulad Msabbel,191,El Kelâa des  Sraghna,07,Marrakech-Safi
071910329,Oulad Sbih,191,El Kelâa des  Sraghna,07,Marrakech-Safi
071910331,Oulad Yaacoub,191,El Kelâa des  Sraghna,07,Marrakech-Safi
071910333,Oulad Zarrad,191,El Kelâa des  Sraghna,07,Marrakech-Safi
071910335,Sidi El Hattab,191,El Kelâa des  Sraghna,07,Marrakech-Safi
071910337,Sidi Moussa,191,El Kelâa des  Sraghna,07,Marrakech-Safi
071910339,Taouzint,191,El Kelâa des  Sraghna,07,Marrakech-Safi
071910341,Znada,191,El Kelâa des  Sraghna,07,Marrakech-Safi
071910501,Assahrij,191,El Kelâa des  Sraghna,07,Marrakech-Safi
071910503,Bouya Omar,191,El Kelâa des  Sraghna,07,Marrakech-Safi
071910505,Choara,191,El Kelâa des  Sraghna,07,Marrakech-Safi
071910507,Dzouz,191,El Kelâa des  Sraghna,07,Marrakech-Safi
071910509,Fraita,191,El Kelâa des  Sraghna,07,Marrakech-Safi
071910515,Laatamna,191,El Kelâa des  Sraghna,07,Marrakech-Safi
071910516,Laattaouia  Ech-chaibia,191,El Kelâa des  Sraghna,07,Marrakech-Safi
071910517,Louad Lakhdar,191,El Kelâa des  Sraghna,07,Marrakech-Safi
071910519,M'Zem Sanhaja,191,El Kelâa des  Sraghna,07,Marrakech-Safi
071910521,Ouargui,191,El Kelâa des  Sraghna,07,Marrakech-Safi
071910523,Oulad Aarrad,191,El Kelâa des  Sraghna,07,Marrakech-Safi
071910525,Oulad Khallouf,191,El Kelâa des  Sraghna,07,Marrakech-Safi
071910527,Sidi Aissa Ben  Slimane,191,El Kelâa des  Sraghna,07,Marrakech-Safi
071910529,Sour El Aaz,191,El Kelâa des  Sraghna,07,Marrakech-Safi
071910711,Jbiel,191,El Kelâa des  Sraghna,07,Marrakech-Safi
071910713,Jouala,191,El Kelâa des  Sraghna,07,Marrakech-Safi
071910731,Zemrane,191,El Kelâa des  Sraghna,07,Marrakech-Safi
071910733,Zemrane Charqia,191,El Kelâa des  Sraghna,07,Marrakech-Safi
072110301,Ait Said,211,Essaouira,07,Marrakech-Safi
072110303,Aquermoud,211,Essaouira,07,Marrakech-Safi
072110305,Had Dra,211,Essaouira,07,Marrakech-Safi
072110307,Kechoula,211,Essaouira,07,Marrakech-Safi
072110309,Korimate,211,Essaouira,07,Marrakech-Safi
072110311,Lagdadra,211,Essaouira,07,Marrakech-Safi
072110313,Lahsinate,211,Essaouira,07,Marrakech-Safi
072110315,Mejji,211,Essaouira,07,Marrakech-Safi
072110317,Meskala,211,Essaouira,07,Marrakech-Safi
072110319,Mouarid,211,Essaouira,07,Marrakech-Safi
072110321,Moulay Bouzarqtoune,211,Essaouira,07,Marrakech-Safi
072110323,Mzilate,211,Essaouira,07,Marrakech-Safi
072110325,M'Khalif,211,Essaouira,07,Marrakech-Safi
072110327,M'Ramer,211,Essaouira,07,Marrakech-Safi
072110329,Oulad M'Rabet,211,Essaouira,07,Marrakech-Safi
072110331,Ounagha,211,Essaouira,07,Marrakech-Safi
072110333,Sidi Abdeljalil,211,Essaouira,07,Marrakech-Safi
072110335,Sidi Aissa Regragui,211,Essaouira,07,Marrakech-Safi
072110337,Sidi Ali El Korati,211,Essaouira,07,Marrakech-Safi
072110339,Sidi Boulaalam,211,Essaouira,07,Marrakech-Safi
072110341,Sidi Ishaq,211,Essaouira,07,Marrakech-Safi
072110343,Sidi Laaroussi,211,Essaouira,07,Marrakech-Safi
072110345,Sidi M'Hamed Ou Marzouq,211,Essaouira,07,Marrakech-Safi
072110347,Tafetachte,211,Essaouira,07,Marrakech-Safi
072110349,Takate,211,Essaouira,07,Marrakech-Safi
072110351,Zaouiat Ben Hmida,211,Essaouira,07,Marrakech-Safi
072110501,Adaghas,211,Essaouira,07,Marrakech-Safi
072110503,Aglif,211,Essaouira,07,Marrakech-Safi
072110505,Aguerd,211,Essaouira,07,Marrakech-Safi
072110507,Ait Aissa Ihahane,211,Essaouira,07,Marrakech-Safi
072110509,Assais,211,Essaouira,07,Marrakech-Safi
072110511,Bizdad,211,Essaouira,07,Marrakech-Safi
072110513,Bouzemmour,211,Essaouira,07,Marrakech-Safi
072110515,Ezzaouite,211,Essaouira,07,Marrakech-Safi
072110517,Ida Ou Aazza,211,Essaouira,07,Marrakech-Safi
072110519,Ida Ou Guelloul,211,Essaouira,07,Marrakech-Safi
072110521,Ida Ou Kazzou,211,Essaouira,07,Marrakech-Safi
072110523,Imgrade,211,Essaouira,07,Marrakech-Safi
072110525,Imi-N'Tlit,211,Essaouira,07,Marrakech-Safi
072110527,Sidi Ahmed Essayeh,211,Essaouira,07,Marrakech-Safi
072110529,Sidi El Jazouli,211,Essaouira,07,Marrakech-Safi
072110531,Sidi Ghaneme,211,Essaouira,07,Marrakech-Safi
072110533,Sidi HMad  Ou M'Barek,211,Essaouira,07,Marrakech-Safi
072110535,Sidi H'mad Ou Hamed,211,Essaouira,07,Marrakech-Safi
072110537,Sidi Kaouki,211,Essaouira,07,Marrakech-Safi
072110539,Smimou,211,Essaouira,07,Marrakech-Safi
072110541,Tafedna,211,Essaouira,07,Marrakech-Safi
072110543,Tahelouante,211,Essaouira,07,Marrakech-Safi
072110545,Takoucht,211,Essaouira,07,Marrakech-Safi
072110547,Targante,211,Essaouira,07,Marrakech-Safi
072110549,Tidzi,211,Essaouira,07,Marrakech-Safi
072110551,Timzguida-Ouftas,211,Essaouira,07,Marrakech-Safi
073510201,Al Ouidane,351,Marrakech,07,Marrakech-Safi
073510207,Ouahat Sidi Brahim,351,Marrakech,07,Marrakech-Safi
073510209,Oulad Hassoune,351,Marrakech,07,Marrakech-Safi
073510303,Harbil,351,Marrakech,07,Marrakech-Safi
073510305,M'Nabha,351,Marrakech,07,Marrakech-Safi
073510311,Ouled Dlim,351,Marrakech,07,Marrakech-Safi
073510501,Agafay,351,Marrakech,07,Marrakech-Safi
073510503,Ait Imour,351,Marrakech,07,Marrakech-Safi
073510505,Loudaya,351,Marrakech,07,Marrakech-Safi
073510509,Sid Zouine,351,Marrakech,07,Marrakech-Safi
073510707,Saada,351,Marrakech,07,Marrakech-Safi
073510711,Souihla,351,Marrakech,07,Marrakech-Safi
073510713,Tassoultante,351,Marrakech,07,Marrakech-Safi
074270701,Ait Hammou,427,Rehamna,07,Marrakech-Safi
074270703,Ait Taleb,427,Rehamna,07,Marrakech-Safi
074270705,Bouchane,427,Rehamna,07,Marrakech-Safi
074270707,Jaafra,427,Rehamna,07,Marrakech-Safi
074270709,Labrikiyne,427,Rehamna,07,Marrakech-Safi
074270711,Oulad Aamer  Tizmarine,427,Rehamna,07,Marrakech-Safi
074270713,Oulad Hassoune Hamri,427,Rehamna,07,Marrakech-Safi
074270715,Sidi Abdellah,427,Rehamna,07,Marrakech-Safi
074270717,Sidi Ali Labrahla,427,Rehamna,07,Marrakech-Safi
074270719,Sidi Ghanem,427,Rehamna,07,Marrakech-Safi
074270721,Sidi Mansour,427,Rehamna,07,Marrakech-Safi
074270723,Skhour Rehamna,427,Rehamna,07,Marrakech-Safi
074270725,Skoura Lhadra,427,Rehamna,07,Marrakech-Safi
074270901,Akarma,427,Rehamna,07,Marrakech-Safi
074270903,Bourrous,427,Rehamna,07,Marrakech-Safi
074270905,Jaidate,427,Rehamna,07,Marrakech-Safi
074270906,Jbilate,427,Rehamna,07,Marrakech-Safi
074270907,Lamharra,427,Rehamna,07,Marrakech-Safi
074270909,Nzalat Laadam,427,Rehamna,07,Marrakech-Safi
074270911,Oulad Imloul,427,Rehamna,07,Marrakech-Safi
074270913,Ras Ain Rehamna,427,Rehamna,07,Marrakech-Safi
074270915,Sidi Boubker,427,Rehamna,07,Marrakech-Safi
074270919,Tlauh,427,Rehamna,07,Marrakech-Safi
074310301,Bouguedra,431,Safi,07,Marrakech-Safi
074310302,Chahda,431,Safi,07,Marrakech-Safi
074310303,El Gouraani,431,Safi,07,Marrakech-Safi
074310305,Labkhati,431,Safi,07,Marrakech-Safi
074310307,Lahdar,431,Safi,07,Marrakech-Safi
074310309,Lamrasla,431,Safi,07,Marrakech-Safi
074310311,Lamsabih,431,Safi,07,Marrakech-Safi
074310313,Sidi Aissa,431,Safi,07,Marrakech-Safi
074310315,Sidi Ettiji,431,Safi,07,Marrakech-Safi
074310701,Atouabet,431,Safi,07,Marrakech-Safi
074310703,El Ghiate,431,Safi,07,Marrakech-Safi
074310705,Khatazakane,431,Safi,07,Marrakech-Safi
074310707,Laamamra,431,Safi,07,Marrakech-Safi
074310709,Lamaachate,431,Safi,07,Marrakech-Safi
074310711,Nagga,431,Safi,07,Marrakech-Safi
074310713,Ouled Salmane,431,Safi,07,Marrakech-Safi
074310901,Ayir,431,Safi,07,Marrakech-Safi
074310903,Dar Si Aissa,431,Safi,07,Marrakech-Safi
074310905,El Beddouza,431,Safi,07,Marrakech-Safi
074310907,Hrara,431,Safi,07,Marrakech-Safi
074310909,Moul El Bergui,431,Safi,07,Marrakech-Safi
074310915,Saadla,431,Safi,07,Marrakech-Safi
075850507,Ighoud,585,Youssoufia,07,Marrakech-Safi
075850509,Jdour,585,Youssoufia,07,Marrakech-Safi
075850511,Jnane Bouih,585,Youssoufia,07,Marrakech-Safi
075850517,Sidi Chiker,585,Youssoufia,07,Marrakech-Safi
075850701,Atiamim,585,Youssoufia,07,Marrakech-Safi
075850703,El Gantour,585,Youssoufia,07,Marrakech-Safi
075850705,Esbiaat,585,Youssoufia,07,Marrakech-Safi
075850713,Lakhoualqa,585,Youssoufia,07,Marrakech-Safi
075850715,Ras El Ain,585,Youssoufia,07,Marrakech-Safi
082010301,Aarab Sebbah Gheris,201,Errachidia,08,Drâa-Tafilalet
082010303,Aarab Sebbah Ziz,201,Errachidia,08,Drâa-Tafilalet
082010307,Es-sifa,201,Errachidia,08,Drâa-Tafilalet
082010309,Fezna,201,Errachidia,08,Drâa-Tafilalet
082010701,Aoufous,201,Errachidia,08,Drâa-Tafilalet
082010703,Chorfa M'Daghra,201,Errachidia,08,Drâa-Tafilalet
082010705,Er-rteb,201,Errachidia,08,Drâa-Tafilalet
082010707,Lkheng,201,Errachidia,08,Drâa-Tafilalet
082010709,Oued Naam,201,Errachidia,08,Drâa-Tafilalet
082011101,Bni M'Hamed-Sijelmassa,201,Errachidia,08,Drâa-Tafilalet
082011103,Er-rissani,201,Errachidia,08,Drâa-Tafilalet
082011105,Es-sfalat,201,Errachidia,08,Drâa-Tafilalet
082011107,Et-taous,201,Errachidia,08,Drâa-Tafilalet
082011109,Sidi Ali,201,Errachidia,08,Drâa-Tafilalet
082011301,Aghbalou-N'Kerdous,201,Errachidia,08,Drâa-Tafilalet
082011302,Amellagou,201,Errachidia,08,Drâa-Tafilalet
082011303,Ferkla El Oulia,201,Errachidia,08,Drâa-Tafilalet
082011305,Ferkla Es-soufla,201,Errachidia,08,Drâa-Tafilalet
082011307,Gheris El Ouloui,201,Errachidia,08,Drâa-Tafilalet
082011309,Gheris Es-soufli,201,Errachidia,08,Drâa-Tafilalet
082011311,Melaab,201,Errachidia,08,Drâa-Tafilalet
082011313,Tadighoust,201,Errachidia,08,Drâa-Tafilalet
083630701,Aghbalou,363,Midelt,08,Drâa-Tafilalet
083630703,Agoudim,363,Midelt,08,Drâa-Tafilalet
083630705,Ait Ayach,363,Midelt,08,Drâa-Tafilalet
083630707,Ait Ben Yacoub,363,Midelt,08,Drâa-Tafilalet
083630709,Ait Izdeg,363,Midelt,08,Drâa-Tafilalet
083630711,Amersid,363,Midelt,08,Drâa-Tafilalet
083630713,Anemzi,363,Midelt,08,Drâa-Tafilalet
083630715,Boumia,363,Midelt,08,Drâa-Tafilalet
083630717,Itzer,363,Midelt,08,Drâa-Tafilalet
083630719,Mibladen,363,Midelt,08,Drâa-Tafilalet
083630721,Sidi Yahya Ou Youssef,363,Midelt,08,Drâa-Tafilalet
083630723,Tanourdi,363,Midelt,08,Drâa-Tafilalet
083630725,Tizi N'Ghachou,363,Midelt,08,Drâa-Tafilalet
083630727,Tounfite,363,Midelt,08,Drâa-Tafilalet
083630729,Zaida,363,Midelt,08,Drâa-Tafilalet
083630901,En-nzala,363,Midelt,08,Drâa-Tafilalet
083630903,Gourrama,363,Midelt,08,Drâa-Tafilalet
083630905,Guers Tiaallaline,363,Midelt,08,Drâa-Tafilalet
083630907,Guir,363,Midelt,08,Drâa-Tafilalet
083630909,M'Zizel,363,Midelt,08,Drâa-Tafilalet
083630911,Sidi Aayad,363,Midelt,08,Drâa-Tafilalet
083630913,Zaouiat Sidi Hamza,363,Midelt,08,Drâa-Tafilalet
083631501,Ait Yahya,363,Midelt,08,Drâa-Tafilalet
083631503,Amouguer,363,Midelt,08,Drâa-Tafilalet
083631505,Bou-Azmou,363,Midelt,08,Drâa-Tafilalet
083631507,Imilchil,363,Midelt,08,Drâa-Tafilalet
083631509,Outerbat,363,Midelt,08,Drâa-Tafilalet
084010301,Ait Zineb,401,Ouarzazate,08,Drâa-Tafilalet
084010303,Amerzgane,401,Ouarzazate,08,Drâa-Tafilalet
084010305,Iznaguen,401,Ouarzazate,08,Drâa-Tafilalet
084010307,Ighrem N'Ougdal,401,Ouarzazate,08,Drâa-Tafilalet
084010309,Khouzama,401,Ouarzazate,08,Drâa-Tafilalet
084010311,Ouisselsate,401,Ouarzazate,08,Drâa-Tafilalet
084010313,Siroua,401,Ouarzazate,08,Drâa-Tafilalet
084010315,Telouet,401,Ouarzazate,08,Drâa-Tafilalet
084010317,Tidili,401,Ouarzazate,08,Drâa-Tafilalet
084010701,Ghassate,401,Ouarzazate,08,Drâa-Tafilalet
084010703,Idelsane,401,Ouarzazate,08,Drâa-Tafilalet
084010705,Imi-N'Oulaoune,401,Ouarzazate,08,Drâa-Tafilalet
084010707,Skoura Ahl El Oust,401,Ouarzazate,08,Drâa-Tafilalet
084010709,Tarmigt,401,Ouarzazate,08,Drâa-Tafilalet
084010711,Toundoute,401,Ouarzazate,08,Drâa-Tafilalet
085770205,Alnif,577,Tinghir,08,Drâa-Tafilalet
085770211,H'Ssyia,577,Tinghir,08,Drâa-Tafilalet
085770221,M'Ssici,577,Tinghir,08,Drâa-Tafilalet
085770301,Ait Hani,577,Tinghir,08,Drâa-Tafilalet
085770305,Assoul,577,Tinghir,08,Drâa-Tafilalet
085770503,Ait Ouassif,577,Tinghir,08,Drâa-Tafilalet
085770505,Ait Sedrate Jbel  El Oulia,577,Tinghir,08,Drâa-Tafilalet
085770507,Ait Sedrate Jbel Soufla,577,Tinghir,08,Drâa-Tafilalet
085770509,Ait Sedrate Sahl Charkia,577,Tinghir,08,Drâa-Tafilalet
085770511,Ait Sedrate Sahl El Gharbia,577,Tinghir,08,Drâa-Tafilalet
085770513,Ait Youl,577,Tinghir,08,Drâa-Tafilalet
085770515,Ighil N'Oumgoun,577,Tinghir,08,Drâa-Tafilalet
085770517,Ikniouen,577,Tinghir,08,Drâa-Tafilalet
085770521,M'Semrir,577,Tinghir,08,Drâa-Tafilalet
085770525,Souk Lakhmis Dades,577,Tinghir,08,Drâa-Tafilalet
085770529,Tilmi,577,Tinghir,08,Drâa-Tafilalet
085770701,Ait El Farsi,577,Tinghir,08,Drâa-Tafilalet
085770719,Imider,577,Tinghir,08,Drâa-Tafilalet
085770723,Ouaklim,577,Tinghir,08,Drâa-Tafilalet
085770727,Taghzoute N'Ait Atta,577,Tinghir,08,Drâa-Tafilalet
085770731,Toudgha El Oulia,577,Tinghir,08,Drâa-Tafilalet
085770733,Toudgha Essoufla,577,Tinghir,08,Drâa-Tafilalet
085870301,Afella N'Dra,587,Zagora,08,Drâa-Tafilalet
085870303,Afra,587,Zagora,08,Drâa-Tafilalet
085870305,Ait Boudaoud,587,Zagora,08,Drâa-Tafilalet
085870307,Ait Ouallal,587,Zagora,08,Drâa-Tafilalet
085870321,Mezguita,587,Zagora,08,Drâa-Tafilalet
085870325,N'Kob,587,Zagora,08,Drâa-Tafilalet
085870327,Oulad Yahia Lagraire,587,Zagora,08,Drâa-Tafilalet
085870331,Taghbalte,587,Zagora,08,Drâa-Tafilalet
085870337,Tamezmoute,587,Zagora,08,Drâa-Tafilalet
085870339,Tansifte,587,Zagora,08,Drâa-Tafilalet
085870341,Tazarine,587,Zagora,08,Drâa-Tafilalet
085870909,Bleida,587,Zagora,08,Drâa-Tafilalet
085870911,Bni Zoli,587,Zagora,08,Drâa-Tafilalet
085870913,Bouzeroual,587,Zagora,08,Drâa-Tafilalet
085870915,Errouha,587,Zagora,08,Drâa-Tafilalet
085870917,Fezouata,587,Zagora,08,Drâa-Tafilalet
085870919,Ktaoua,587,Zagora,08,Drâa-Tafilalet
085870923,M'Hamid El Ghizlane,587,Zagora,08,Drâa-Tafilalet
085870929,Taftechna,587,Zagora,08,Drâa-Tafilalet
085870933,Tagounite,587,Zagora,08,Drâa-Tafilalet
085870935,Tamegroute,587,Zagora,08,Drâa-Tafilalet
085870943,Ternata,587,Zagora,08,Drâa-Tafilalet
085870945,Tinzouline,587,Zagora,08,Drâa-Tafilalet
090010501,Amskroud,001,Agadir-Ida -Ou-Tanane,09,Souss-Massa
090010503,Aourir,001,Agadir-Ida -Ou-Tanane,09,Souss-Massa
090010505,Aqsri,001,Agadir-Ida -Ou-Tanane,09,Souss-Massa
090010507,Aziar,001,Agadir-Ida -Ou-Tanane,09,Souss-Massa
090010509,Drargua,001,Agadir-Ida -Ou-Tanane,09,Souss-Massa
090010511,Idmine,001,Agadir-Ida -Ou-Tanane,09,Souss-Massa
090010513,Imouzzer,001,Agadir-Ida -Ou-Tanane,09,Souss-Massa
090010515,Imsouane,001,Agadir-Ida -Ou-Tanane,09,Souss-Massa
090010521,Tadrart,001,Agadir-Ida -Ou-Tanane,09,Souss-Massa
090010523,Taghazout,001,Agadir-Ida -Ou-Tanane,09,Souss-Massa
090010525,Tamri,001,Agadir-Ida -Ou-Tanane,09,Souss-Massa
090010529,Tiqqi,001,Agadir-Ida -Ou-Tanane,09,Souss-Massa
091630305,Ait Mzal,163,Chtouka- Ait Baha,09,Souss-Massa
091630307,Ait Ouadrim,163,Chtouka- Ait Baha,09,Souss-Massa
091630309,Aouguenz,163,Chtouka- Ait Baha,09,Souss-Massa
091630313,Hilala,163,Chtouka- Ait Baha,09,Souss-Massa
091630315,Ida-Ougnidif,163,Chtouka- Ait Baha,09,Souss-Massa
091630325,Sidi Abdallah  El Bouchouari,163,Chtouka- Ait Baha,09,Souss-Massa
091630333,Tanalt,163,Chtouka- Ait Baha,09,Souss-Massa
091630335,Targua-Ntouchka,163,Chtouka- Ait Baha,09,Souss-Massa
091630337,Tassegdelt,163,Chtouka- Ait Baha,09,Souss-Massa
091630339,Tizi Ntakoucht,163,Chtouka- Ait Baha,09,Souss-Massa
091630503,Ait Milk,163,Chtouka- Ait Baha,09,Souss-Massa
091630511,Belfaa,163,Chtouka- Ait Baha,09,Souss-Massa
091630519,Inchaden,163,Chtouka- Ait Baha,09,Souss-Massa
091630521,Massa,163,Chtouka- Ait Baha,09,Souss-Massa
091630531,Sidi Ouassay,163,Chtouka- Ait Baha,09,Souss-Massa
091630701,Ait Amira,163,Chtouka- Ait Baha,09,Souss-Massa
091630717,Imi-Mqourn,163,Chtouka- Ait Baha,09,Souss-Massa
091630723,Ouad Essafa,163,Chtouka- Ait Baha,09,Souss-Massa
091630727,Sidi Bibi,163,Chtouka- Ait Baha,09,Souss-Massa
091630729,Sidi Boushab,163,Chtouka- Ait Baha,09,Souss-Massa
092730519,Oulad Dahou,273,Inezgane- Ait Melloul,09,Souss-Massa
092730527,Temsia,273,Inezgane- Ait Melloul,09,Souss-Massa
095410301,Adar,541,Taroudannt,09,Souss-Massa
095410303,Ait Abdallah,541,Taroudannt,09,Souss-Massa
095410305,Amalou,541,Taroudannt,09,Souss-Massa
095410307,Azaghar N'Irs,541,Taroudannt,09,Souss-Massa
095410309,Imaouen,541,Taroudannt,09,Souss-Massa
095410311,Imi N'Tayart,541,Taroudannt,09,Souss-Massa
095410313,Nihit,541,Taroudannt,09,Souss-Massa
095410315,Oualqadi,541,Taroudannt,09,Souss-Massa
095410317,Sidi Boaal,541,Taroudannt,09,Souss-Massa
095410319,Sidi Mzal,541,Taroudannt,09,Souss-Massa
095410321,Tabia,541,Taroudannt,09,Souss-Massa
095410323,Tataoute,541,Taroudannt,09,Souss-Massa
095410325,Tindine,541,Taroudannt,09,Souss-Massa
095410327,Tisfane,541,Taroudannt,09,Souss-Massa
095410329,Toufelaazt,541,Taroudannt,09,Souss-Massa
095410331,Toumliline,541,Taroudannt,09,Souss-Massa
095410409,Arazane,541,Taroudannt,09,Souss-Massa
095410413,El Faid,541,Taroudannt,09,Souss-Massa
095410417,Ida Ou Gailal,541,Taroudannt,09,Souss-Massa
095410421,Ida-Ougoummad,541,Taroudannt,09,Souss-Massa
095410423,Igli,541,Taroudannt,09,Souss-Massa
095410425,Igoudar Mnabha,541,Taroudannt,09,Souss-Massa
095410429,Lamhara,541,Taroudannt,09,Souss-Massa
095410433,Oulad Aissa,541,Taroudannt,09,Souss-Massa
095410435,Ouneine,541,Taroudannt,09,Souss-Massa
095410437,Ouzioua,541,Taroudannt,09,Souss-Massa
095410439,Sidi Abdellah Ou Said,541,Taroudannt,09,Souss-Massa
095410447,Sidi Ouaaziz,541,Taroudannt,09,Souss-Massa
095410449,Tafingoult,541,Taroudannt,09,Souss-Massa
095410453,Talgjount,541,Taroudannt,09,Souss-Massa
095410459,Tigouga,541,Taroudannt,09,Souss-Massa
095410461,Tinzart,541,Taroudannt,09,Souss-Massa
095410465,Tisrasse,541,Taroudannt,09,Souss-Massa
095410467,Tizi N'Test,541,Taroudannt,09,Souss-Massa
095410469,Toughmart,541,Taroudannt,09,Souss-Massa
095410501,Ahl Ramel,541,Taroudannt,09,Souss-Massa
095410503,Argana,541,Taroudannt,09,Souss-Massa
095410505,Assads,541,Taroudannt,09,Souss-Massa
095410507,Bigoudine,541,Taroudannt,09,Souss-Massa
095410509,Eddir,541,Taroudannt,09,Souss-Massa
095410511,El Koudia El Beida,541,Taroudannt,09,Souss-Massa
095410513,Imilmaiss,541,Taroudannt,09,Souss-Massa
095410515,Issen,541,Taroudannt,09,Souss-Massa
095410517,Lagfifat,541,Taroudannt,09,Souss-Massa
095410519,Lakhnafif,541,Taroudannt,09,Souss-Massa
095410521,Lamhadi,541,Taroudannt,09,Souss-Massa
095410523,Machraa El Ain,541,Taroudannt,09,Souss-Massa
095410525,Sidi Ahmed Ou Amar,541,Taroudannt,09,Souss-Massa
095410527,Sidi Boumoussa,541,Taroudannt,09,Souss-Massa
095410529,Sidi Moussa Lhamri,541,Taroudannt,09,Souss-Massa
095410531,Talmakante,541,Taroudannt,09,Souss-Massa
095410533,Tidsi-Nissendalene,541,Taroudannt,09,Souss-Massa
095410701,Agadir Melloul,541,Taroudannt,09,Souss-Massa
095410703,Ahl Tifnoute,541,Taroudannt,09,Souss-Massa
095410705,Askaouen,541,Taroudannt,09,Souss-Massa
095410707,Assaisse,541,Taroudannt,09,Souss-Massa
095410709,Assaki,541,Taroudannt,09,Souss-Massa
095410711,Azrar,541,Taroudannt,09,Souss-Massa
095410713,Iguidi,541,Taroudannt,09,Souss-Massa
095410715,Sidi Hsaine,541,Taroudannt,09,Souss-Massa
095410717,Taouyalte,541,Taroudannt,09,Souss-Massa
095410719,Tassousfi,541,Taroudannt,09,Souss-Massa
095410721,Tizgzaouine,541,Taroudannt,09,Souss-Massa
095410723,Toubkal,541,Taroudannt,09,Souss-Massa
095410725,Zagmouzen,541,Taroudannt,09,Souss-Massa
095410901,Ahmar Laglalcha,541,Taroudannt,09,Souss-Massa
095410903,Ait Igas,541,Taroudannt,09,Souss-Massa
095410905,Ait Makhlouf,541,Taroudannt,09,Souss-Massa
095410911,Bounrar,541,Taroudannt,09,Souss-Massa
095410915,Freija,541,Taroudannt,09,Souss-Massa
095410919,Ida Ou Moumen,541,Taroudannt,09,Souss-Massa
095410927,Imoulass,541,Taroudannt,09,Souss-Massa
095410931,Lamnizla,541,Taroudannt,09,Souss-Massa
095410941,Sidi Ahmed Ou Abdallah,541,Taroudannt,09,Souss-Massa
095410943,Sidi Borja,541,Taroudannt,09,Souss-Massa
095410945,Sidi Dahmane,541,Taroudannt,09,Souss-Massa
095410951,Tafraouten,541,Taroudannt,09,Souss-Massa
095410955,Tamaloukte,541,Taroudannt,09,Souss-Massa
095410957,Tazemmourt,541,Taroudannt,09,Souss-Massa
095410963,Tiout,541,Taroudannt,09,Souss-Massa
095410971,Zaouia Sidi Tahar,541,Taroudannt,09,Souss-Massa
095510301,Ait Ouabelli,551,Tata,09,Souss-Massa
095510303,Kasbat Sidi Abdellah Ben M'Barek,551,Tata,09,Souss-Massa
095510305,Tamanarte,551,Tata,09,Souss-Massa
095510307,Tizounine,551,Tata,09,Souss-Massa
095510501,Aguinane,551,Tata,09,Souss-Massa
095510503,Akka-Ighane,551,Tata,09,Souss-Massa
095510505,Allougoum,551,Tata,09,Souss-Massa
095510507,Ibn Yacoub,551,Tata,09,Souss-Massa
095510509,Tissint,551,Tata,09,Souss-Massa
095510511,Tlite,551,Tata,09,Souss-Massa
095510701,Adis,551,Tata,09,Souss-Massa
095510703,Issafen,551,Tata,09,Souss-Massa
095510705,Oum El Guerdane,551,Tata,09,Souss-Massa
095510707,Tagmout,551,Tata,09,Souss-Massa
095510709,Tigzmerte,551,Tata,09,Souss-Massa
095510711,Tizaghte,551,Tata,09,Souss-Massa
095810301,Ait Issafen,581,Tiznit,09,Souss-Massa
095810303,Anzi,581,Tiznit,09,Souss-Massa
095810305,Arbaa Ait Ahmed,581,Tiznit,09,Souss-Massa
095810307,Ida Ou Gougmar,581,Tiznit,09,Souss-Massa
095810309,Sidi Ahmed Ou Moussa,581,Tiznit,09,Souss-Massa
095810311,Tafraout El Mouloud,581,Tiznit,09,Souss-Massa
095810313,Tighmi,581,Tiznit,09,Souss-Massa
095810315,Tizoughrane,581,Tiznit,09,Souss-Massa
095810317,Tnine Aday,581,Tiznit,09,Souss-Massa
095810901,Afella Ighir,581,Tiznit,09,Souss-Massa
095810903,Ait Ouafqa,581,Tiznit,09,Souss-Massa
095810905,Ammelne,581,Tiznit,09,Souss-Massa
095810907,Irigh N'Tahala,581,Tiznit,09,Souss-Massa
095810909,Tarsouat,581,Tiznit,09,Souss-Massa
095810911,Tassrirt,581,Tiznit,09,Souss-Massa
095811101,Arbaa Rasmouka,581,Tiznit,09,Souss-Massa
095811103,Arbaa Sahel,581,Tiznit,09,Souss-Massa
095811105,Bounaamane,581,Tiznit,09,Souss-Massa
095811107,El Maader El Kabir,581,Tiznit,09,Souss-Massa
095811109,Ouijjane,581,Tiznit,09,Souss-Massa
095811111,Reggada,581,Tiznit,09,Souss-Massa
095811113,Sidi Bouabdelli,581,Tiznit,09,Souss-Massa
095811115,Tnine Aglou,581,Tiznit,09,Souss-Massa
100710301,Aouint Lahna,071,Assa-Zag,10,Guelmim-Oued Noun
100710303,Aouint Yghomane,071,Assa-Zag,10,Guelmim-Oued Noun
100710305,Touizgui,071,Assa-Zag,10,Guelmim-Oued Noun
100710501,Al Mahbass,071,Assa-Zag,10,Guelmim-Oued Noun
100710503,Labouirat,071,Assa-Zag,10,Guelmim-Oued Noun
102610301,Adaya,261,Guelmim,10,Guelmim-Oued Noun
102610303,Ait Boufoulen,261,Guelmim,10,Guelmim-Oued Noun
102610305,Amtdi,261,Guelmim,10,Guelmim-Oued Noun
102610307,Ifrane Atlas Saghir,261,Guelmim,10,Guelmim-Oued Noun
102610309,Tagante,261,Guelmim,10,Guelmim-Oued Noun
102610311,Taghjijt,261,Guelmim,10,Guelmim-Oued Noun
102610313,Timoulay,261,Guelmim,10,Guelmim-Oued Noun
102610503,Aferkat,261,Guelmim,10,Guelmim-Oued Noun
102610505,Asrir,261,Guelmim,10,Guelmim-Oued Noun
102610509,Fask,261,Guelmim,10,Guelmim-Oued Noun
102610521,Tiglit,261,Guelmim,10,Guelmim-Oued Noun
102610701,Abaynou,261,Guelmim,10,Guelmim-Oued Noun
102610707,Echatea El Abied,261,Guelmim,10,Guelmim-Oued Noun
102610711,Labyar,261,Guelmim,10,Guelmim-Oued Noun
102610713,Laqsabi Tagoust,261,Guelmim,10,Guelmim-Oued Noun
102610715,Rass Oumlil,261,Guelmim,10,Guelmim-Oued Noun
102610717,Taliouine Assaka,261,Guelmim,10,Guelmim-Oued Noun
102610719,Targa Wassay,261,Guelmim,10,Guelmim-Oued Noun
104730501,Arbaa Ait Abdellah,473,Sidi Ifni,10,Guelmim-Oued Noun
104730503,Imi-N'Fast,473,Sidi Ifni,10,Guelmim-Oued Noun
104730505,Mesti,473,Sidi Ifni,10,Guelmim-Oued Noun
104730507,Mirleft,473,Sidi Ifni,10,Guelmim-Oued Noun
104730509,Sbouya,473,Sidi Ifni,10,Guelmim-Oued Noun
104730511,Tangarfa,473,Sidi Ifni,10,Guelmim-Oued Noun
104730513,Tioughza,473,Sidi Ifni,10,Guelmim-Oued Noun
104730515,Tnine Amellou,473,Sidi Ifni,10,Guelmim-Oued Noun
104730701,Ait Erkha,473,Sidi Ifni,10,Guelmim-Oued Noun
104730703,Anfeg,473,Sidi Ifni,10,Guelmim-Oued Noun
104730705,Boutrouch,473,Sidi Ifni,10,Guelmim-Oued Noun
104730707,Ibdar,473,Sidi Ifni,10,Guelmim-Oued Noun
104730709,Sebt Ennabour,473,Sidi Ifni,10,Guelmim-Oued Noun
104730711,Sidi Abdellah  Ou Belaid,473,Sidi Ifni,10,Guelmim-Oued Noun
104730713,Sidi H'Saine Ou Ali,473,Sidi Ifni,10,Guelmim-Oued Noun
104730715,Sidi M'Bark,473,Sidi Ifni,10,Guelmim-Oued Noun
104730717,Tighirt,473,Sidi Ifni,10,Guelmim-Oued Noun
105210301,Msied,521,Tan-Tan,10,Guelmim-Oued Noun
105210303,Tilemzoun,521,Tan-Tan,10,Guelmim-Oued Noun
105210501,Abteh,521,Tan-Tan,10,Guelmim-Oued Noun
105210503,Ben Khlil,521,Tan-Tan,10,Guelmim-Oued Noun
105210505,Chbika,521,Tan-Tan,10,Guelmim-Oued Noun
111210301,Gueltat Zemmour,121,Boujdour,11,Laayoune-Sakia El Hamra
111210303,Jraifia,121,Boujdour,11,Laayoune-Sakia El Hamra
111210305,Lamssid,121,Boujdour,11,Laayoune-Sakia El Hamra
112210301,Amgala,221,Es-Semara,11,Laayoune-Sakia El Hamra
112210303,Haouza,221,Es-Semara,11,Laayoune-Sakia El Hamra
112210305,Jdiriya,221,Es-Semara,11,Laayoune-Sakia El Hamra
112210307,Sidi Ahmed Laaroussi,221,Es-Semara,11,Laayoune-Sakia El Hamra
112210309,Tifariti,221,Es-Semara,11,Laayoune-Sakia El Hamra
113210301,Boukraa,321,Laâyoune,11,Laayoune-Sakia El Hamra
113210303,Dcheira,321,Laâyoune,11,Laayoune-Sakia El Hamra
113210305,Foum El Oued,321,Laâyoune,11,Laayoune-Sakia El Hamra
115370303,Daoura,537,Tarfaya,11,Laayoune-Sakia El Hamra
115370305,El Hagounia,537,Tarfaya,11,Laayoune-Sakia El Hamra
115370501,Akhfennir,537,Tarfaya,11,Laayoune-Sakia El Hamra
115370507,Tah,537,Tarfaya,11,Laayoune-Sakia El Hamra
120660303,Aghouinite,066,Aousserd,12,Dakhla-Oued Ed-Dahab
120660305,Aousserd,066,Aousserd,12,Dakhla-Oued Ed-Dahab
120660307,Tichla,066,Aousserd,12,Dakhla-Oued Ed-Dahab
120660309,Zoug,066,Aousserd,12,Dakhla-Oued Ed-Dahab
120660503,Bir Gandouz,066,Aousserd,12,Dakhla-Oued Ed-Dahab
123910501,Bir Anzarane,391,Oued Ed-Dahab,12,Dakhla-Oued Ed-Dahab
123910503,Gleibat El Foula,391,Oued Ed-Dahab,12,Dakhla-Oued Ed-Dahab
123910505,Mijik,391,Oued Ed-Dahab,12,Dakhla-Oued Ed-Dahab
123910507,Oum Dreyga,391,Oued Ed-Dahab,12,Dakhla-Oued Ed-Dahab
123910901,El Argoub,391,Oued Ed-Dahab,12,Dakhla-Oued Ed-Dahab
123910903,Imlili,391,Oued Ed-Dahab,12,Dakhla-Oued Ed-Dahab
